﻿Product_id,product_name,Price,cogs
P1,Message Book Wirebound ,8.23,5.45
P2,Avery 508,3.93,2.50
P3,SAFCO Boltless Steel Shel,90.91,112.50
P4,GBC Standard Plastic Bind,1.77,4.52
P5,Avery Hi-Liter EverBold P,6.51,4.89
P6,Xerox 225,6.48,3.37
P7,Dixon Prang Watercolor Pe,4.26,2.51
P8,Global Deluxe High-Back M,285.98,203.05
P9,Ibico Hi-Tech Manual Bind,304.99,167.75
P10,Rogers Handheld Barrel Pe,2.74,2.00
P11,GE 30524EE4,195.99,139.16
P12,Wireless Extenders zBoost,188.99,137.96
P13,Alliance Super-Size Bands,7.78,7.70
P14,Southworth 25% Cotton Gra,6.54,3.53
P15,Howard Miller 14-1/2 Dia,25.58,43.48
P16,Acco Four Pocket Poly Rin,1.49,4.10
P17,Newell 312,4.67,4.09
P18,Memorex Micro Travel Driv,10.40,7.15
P19,Avery 482,2.89,1.53
P20,Howard Miller 11-1/2 Dia,51.94,30.64
P21,DAX Value U-Channel Docum,4.97,3.43
P22,Staple envelope,5.68,3.01
P23,Brown Kraft Recycled Enve,16.98,8.49
P24,Plantronics S12 Corded Te,107.79,64.67
P25,3-ring staple pack,1.88,0.98
P26,Fellowes Stor/Drawer Stee,95.43,89.71
P27,Global Highback Leather T,90.99,76.43
P28,Tennsco 6- and 18-Compart,265.17,217.44
P29,O Sullivan Elevations Boo,111.33,110.02
P30,4009 Highlighters by Sanf,3.98,2.67
P31,Xerox 1923,5.34,3.47
P32,Avery Metallic Poly Binde,1.72,2.98
P33,Sauder Cornerstone Collec,15.49,28.81
P34,Logitech 910-002974 M325 ,29.99,16.79
P35,DAX Black Cherry Wood-Ton,21.18,16.42
P36,AT&T 841000 Phone,41.40,51.75
P37,GBC Linen Binding Covers,9.30,16.11
P38,Round Specialty Laser Pri,10.02,6.64
P39,Fellowes Mighty 8 Compact,16.22,14.59
P40,GBC Standard Recycled Rep,3.23,5.61
P41,TOPS Carbonless Receipt B,14.02,9.11
P42,Tyvek  Top-Opening Peel &,21.74,14.41
P43,O Sullivan 4-Shelf Bookca,36.29,100.41
P44,Apple iPhone 5C,99.99,73.99
P45,Newell 351,3.28,2.33
P46,Eldon Expressions Desk Ac,9.65,6.76
P47,Newell 327,2.21,1.61
P48,Hon 4700 Series Mobuis Mi,355.98,281.22
P49,Wirebound Service Call Bo,9.68,5.04
P50,Eldon Fold  N Roll Cart S,13.98,9.93
P51,Eldon ClusterMat Chair Ma,90.98,80.97
P52,Acco Pressboard Covers wi,3.81,2.02
P53,Holmes Replacement Filter,61.93,38.54
P54,Fellowes Bases and Tops F,33.29,25.30
P55,Panasonic KP-4ABK Battery,14.64,10.39
P56,Ultra Door Push Plate,4.91,3.29
P57,Storex Dura Pro Binders,5.94,3.27
P58,GBC DocuBind TL200 Manual,67.19,118.71
P59,Ultra Door Pull Handle,8.42,7.05
P60,Xerox 195,6.68,3.47
P61,Alliance Big Bands Rubber,1.98,1.98
P62,GE General Use Halogen Bu,20.94,10.68
P63,SAFCO Commercial Wire She,61.24,61.24
P64,Eureka Recycled Copy Pape,6.48,3.37
P65,REDIFORM Incoming/Outgoin,8.34,4.17
P66,Macally Suction Cup Mount,11.95,11.95
P67,Eldon Image Series Black ,4.14,2.65
P68,Jabra SPEAK 410,93.99,67.68
P69,Wilson Jones 14 Line Acry,5.34,2.83
P70,Safco Value Mate Series S,70.98,51.11
P71,Recycled Steel Personal F,57.23,42.92
P72,Balt Split Level Computer,111.00,116.55
P73,Dixon Ticonderoga Core-Lo,9.11,6.10
P74,Pressboard Covers with St,3.93,2.60
P75,Xerox 1972,5.28,2.91
P76,Space Solutions HD Indust,114.97,111.52
P77,Sauder Facets Collection ,145.34,143.63
P78,Enermax Aurora Lite Keybo,78.15,43.76
P79,Staples,2.47,1.31
P80,Surelock Post Binders,9.17,15.28
P81,AT&T 17929 Lendline Telep,36.19,33.48
P82,Ibico Laser Imprintable B,41.92,28.30
P83,Avery Durable Poly Binder,4.42,2.99
P84,GBC Recycled Grain Textur,27.63,17.96
P85,Message Book Standard Li,8.56,4.54
P86,Avery 480,3.75,1.95
P87,Aastra 57i VoIP phone,161.61,119.59
P88,AT&T CL82213,28.99,20.58
P89,Avery Flip-Chart Easel Bi,4.48,11.86
P90,Maxell DVD-RAM Discs,16.48,9.39
P91,Acco Perma 4000 Stacking ,16.24,13.81
P92,Master Caster Door Stop ,7.28,4.52
P93,Hon 2111 Invitation Serie,209.37,196.81
P94,Wilson Jones Leather-Like,8.73,4.63
P95,Global Value Mid-Back Man,60.89,45.67
P96,Avery 483,4.98,2.69
P97,Wilson Jones Turn Tabs Bi,4.82,2.61
P98,Rubbermaid ClusterMat Cha,110.98,93.22
P99,VariCap6 Expandable Binde,17.30,9.17
P100,Fellowes Neat Ideas Stora,32.48,31.18
P101,Global Geo Office Task Ch,64.79,76.93
P102,Memo Book 100 Message Ca,5.39,3.37
P103,Logitech G600 MMO Gaming ,79.99,51.19
P104,Belkin 8 Outlet Surge Pro,40.98,29.51
P105,Compact Automatic Electri,119.31,116.93
P106,Pressboard Data Binders b,4.27,2.83
P107,Wilson Jones Easy Flow II,0.36,0.94
P108,Holmes Cool Mist Humidifi,3.98,10.95
P109,Staples in misc. colors,3.87,3.24
P110,DAX Copper Panel Document,5.03,7.30
P111,Akro Stacking Bins,6.31,7.57
P112,Enermax Briskie RF Wirele,20.77,13.29
P113,Master Caster Door Stop ,5.08,3.35
P114,Xerox 204,6.48,3.37
P115,Xerox 220,6.48,3.37
P116,Staple-on labels,2.31,1.53
P117,GBC Plastic Binding Combs,1.48,3.76
P118,TOPS 4 x 6 Fluorescent Co,7.59,5.03
P119,Zebra Zazzle Fluorescent ,4.87,4.02
P120,Sannysis Cute Owl Design ,1.98,1.45
P121,Novimex Swivel Fabric Tas,105.69,134.37
P122,Black Print Carbonless 8 ,5.82,3.93
P123,Plymouth Boxed Rubber Ban,3.77,4.47
P124,Harbour Creations Steel F,60.38,60.38
P125,Fellowes Bankers Box Recy,43.18,50.74
P126,Bevis Round Conference Ro,125.50,139.85
P127,Array Parchment Paper As,7.28,3.79
P128,Xerox 1971,3.42,2.35
P129,Hypercom P1300 Pinpad,50.40,39.69
P130,PowerGen Dual USB Car Cha,9.99,5.39
P131,Cardinal HOLDit! Binder I,5.06,3.23
P132,Avery 495,5.04,3.40
P133,Eldon Shelf Savers Cubes ,5.58,6.84
P134,3.6 Cubic Foot Counter He,58.92,212.13
P135,Bevis Oval Conference Tab,208.78,216.61
P136,Sensible Storage WireTech,70.98,67.43
P137,BIC Brite Liner Highlight,5.18,4.41
P138,Newell 345,19.84,14.68
P139,Logitech Wireless Gaming ,159.99,100.79
P140,Acme Forged Steel Scissor,9.31,6.61
P141,GBC Wire Binding Combs,8.27,5.48
P142,Xerox 1891,48.91,25.92
P143,Global Push Button Manage,48.71,43.23
P144,Newell 330,5.98,4.43
P145,Carina 42Hx23 3/4W Medi,80.98,79.36
P146,Catalog Binders with Expa,53.83,37.01
P147,Newell Chalk Holder,4.13,2.23
P148,Contico 72H Heavy-Duty S,40.98,40.98
P149,Office Star - Task Chair ,72.78,69.14
P150,Global Leather and Oak Ex,240.79,213.70
P151,Geographics Note Cards B,11.19,5.82
P152,BOSTON Ranger #55 Pencil ,20.79,18.45
P153,Eldon Wave Desk Accessori,1.66,1.21
P154,Stockwell Push Pins,1.74,1.46
P155,Southworth 100% R‚Äö√†√∂¬,7.78,4.28
P156,Fellowes Premier Superior,48.92,36.20
P157,Panasonic KX-TG9471B,195.99,141.11
P158,Xerox 198,4.98,2.64
P159,Economy #2 Pencils,2.66,1.97
P160,Avery Hi-Liter Fluorescen,3.38,2.13
P161,Global Commerce Series Hi,284.98,213.74
P162,Carina Double Wide Media ,80.98,77.74
P163,Imation¬¨¬®‚Äö√Ñ‚Ä†30456 ,6.90,6.35
P164,Staple magnet,10.68,7.80
P165,Premium Transparent Prese,31.03,20.94
P166,Hewlett-Packard Deskjet 6,287.46,209.43
P167,Xerox 1963,4.23,2.91
P168,Xerox 1887,15.18,9.87
P169,Hot File 7-Pocket Floor ,142.78,124.93
P170,Eldon Expressions Desk Ac,15.23,13.52
P171,Insertable Tab Post Binde,2.41,4.25
P172,GBC VeloBinder Manual Bin,10.80,18.72
P173,Xerox 1889,43.97,28.03
P174,Polycom VoiceStation 500 ,235.96,221.21
P175,Bionaire Personal Warm Mi,46.89,28.61
P176,Newell 35,3.28,2.33
P177,Avery Non-Stick Heavy Dut,5.98,3.11
P178,Bretford Rectangular Conf,225.68,289.62
P179,Balt Solid Wood Round Tab,267.90,406.31
P180,Hon 30 x 60 Table with ,204.64,245.56
P181,Xerox 1926,4.98,2.64
P182,Xerox 1918,38.76,19.77
P183,Newell 333,2.23,2.06
P184,Xerox 1966,5.18,3.30
P185,Xerox 1967,5.18,3.37
P186,GBC Twin Loop Wire Bindin,15.22,7.76
P187,Xerox 1957,6.48,3.31
P188,EcoTones Memo Sheets,4.00,2.08
P189,Belkin 6 Outlet Metallic ,10.89,8.06
P190,Xerox 1909,21.10,14.25
P191,Cisco TelePresence System,3773.08,4074.93
P192,Avery Fluorescent Highlig,2.67,2.34
P193,Executive Impressions 13,15.39,11.35
P194,Dana Fluorescent Magnifyi,40.78,35.69
P195,Bush Heritage Pine Collec,119.83,112.78
P196,Eldon Cleatmat Chair Mats,55.50,48.29
P197,Swingline SM12-08 MicroCu,319.99,216.00
P198,Cisco 8x8 Inc. 6753i IP B,107.99,98.54
P199,Avery 501,2.95,1.96
P200,Crate-A-Files,8.72,8.07
P201,Document Clip Frames,6.67,4.84
P202,Logitech¬¨¬®‚Äö√Ñ‚Ä†Wirel,85.12,58.52
P203,Binney & Smith Crayola Me,3.71,3.11
P204,Binney & Smith inkTank Er,2.02,1.49
P205,Tennsco Commercial Shelvi,16.27,20.13
P206,Samsung Galaxy S4 Active,499.99,369.99
P207,Avery 492,2.88,1.56
P208,Xerox 1919,40.99,20.90
P209,American Pencil,2.33,1.66
P210,Wilson Jones Ledger-Size,40.98,21.31
P211,Avery 505,11.84,7.40
P212,DAX Wood Document Frame,10.98,8.79
P213,C-Line Peel & Stick Add-O,1.91,3.38
P214,GBC Prestige Therm-A-Bind,10.29,18.19
P215,Xerox 1951,24.78,17.04
P216,Office Star - Mesh Screen,104.78,116.57
P217,Economy Rollaway Files,165.20,122.25
P218,Ooma Telo VoIP Home Phone,100.79,94.49
P219,Avery 476,3.30,2.23
P220,Xerox 190,4.98,2.64
P221,DAX Contemporary Wood Fra,20.24,12.96
P222,Iceberg Nesting Folding C,52.40,43.08
P223,Eberhard Faber 3 1/2 Gol,7.44,5.58
P224,Imation¬¨¬®‚Äö√Ñ‚Ä†Swivel,11.37,7.39
P225,BIC Brite Liner Grip High,4.24,2.59
P226,SanDisk Ultra 32 GB Micro,22.10,19.23
P227,Newell 308,1.68,1.26
P228,Griffin GC17055 Auxiliary,14.39,12.95
P229,Smead Alpha-Z Color-Coded,3.75,1.95
P230,Poly String Tie Envelopes,2.04,1.08
P231,Hon 94000 Series Round Ta,296.18,269.53
P232,AT&T TR1909W,100.79,93.23
P233,Chromcraft Bull-Nose Wood,330.59,473.84
P234,Bush Advantage Collection,296.95,347.85
P235,Peel-Off China Markers,9.93,5.76
P236,Sterilite Show Offs Stora,5.28,5.28
P237,Avery 490,14.80,7.40
P238,Sanford EarthWrite Recycl,2.10,1.51
P239,O Sullivan Living Dimensi,102.84,108.89
P240,Airmail Envelopes,67.14,44.48
P241,Innergie mMini Combo Duo ,35.99,23.39
P242,Global Stack Chair withou,18.19,19.48
P243,Space Solutions Commercia,64.65,61.42
P244,GBC DocuBind 200 Manual B,336.79,210.49
P245,Fellowes Advanced Compute,26.49,19.08
P246,Avery Round Ring Poly Bin,0.85,1.45
P247,Fellowes Black Plastic Co,1.16,3.14
P248,Kensington SlimBlade Note,39.99,32.99
P249,Avery Hole Reinforcements,1.87,3.18
P250,Global Leather Highback E,160.78,146.72
P251,Ibico Plastic and Wire Sp,2.53,4.55
P252,Pressboard Data Binder C,4.27,2.89
P253,Rogers Profile Extra Capa,16.74,16.07
P254,Zipper Ring Binder Pocket,3.12,1.59
P255,Xerox 1990,5.28,2.90
P256,Motorola Droid Maxx,149.99,107.99
P257,Euro-Pro Shark Turbo Vacu,30.98,22.93
P258,Xerox 1898,5.34,3.47
P259,Xerox 1947,4.78,3.29
P260,Luxo Adjustable Task Clam,88.84,65.74
P261,Avery 518,3.15,1.64
P262,Advantus Panel Wall Acryl,5.47,3.12
P263,Newell 319,19.84,13.89
P264,Avery Non-Stick Binders,3.59,2.47
P265,Safco Commercial Shelving,46.51,44.65
P266,Logitech Wireless Maratho,49.99,28.50
P267,Xerox 209,6.48,3.37
P268,Eaton Premium Continuous-,55.48,28.85
P269,Crayola Colored Pencils,3.28,2.20
P270,Newell 321,3.28,2.33
P271,Martin Yale Chadless Open,832.81,816.15
P272,Tenex File Box Personal ,12.41,11.48
P273,Adjustable Personal File ,13.03,12.05
P274,Stanley Contemporary Batt,13.35,9.61
P275,Fellowes Twister Kit Gra,8.04,4.42
P276,Ibico Standard Transparen,16.48,8.40
P277,Large Capacity Hanging Po,7.49,13.47
P278,Martin-Yale Premier Lette,10.30,12.49
P279,KI Adjustable-Height Tabl,51.59,63.62
P280,Imation¬¨¬®‚Äö√Ñ‚Ä†Secure,58.39,47.44
P281,Chromcraft Bull-Nose Wood,217.85,180.82
P282,Kingston Digital DataTrav,16.95,15.94
P283,Tenex B1-RE Series Chair ,45.98,38.17
P284,C-Line Cubicle Keepers Po,4.73,2.89
P285,Xerox 211,6.48,3.37
P286,Xerox 194,55.48,28.85
P287,Boston Home & Office Mode,23.65,17.50
P288,Avery Trapezoid Ring Bind,32.79,20.90
P289,Razer Kraken 7.1 Surround,99.99,55.99
P290,Stacking Tray Side-Loadi,4.48,3.09
P291,Xerox 1945,40.99,20.90
P292,Xerox 226,6.48,3.37
P293,RCA Visys Integrated PBX ,66.99,50.24
P294,Binder Clips by OIC,1.19,0.77
P295,Things To Do Today Spiral,6.34,4.04
P296,SAFCO PlanMaster Boards ,151.99,112.47
P297,Bevis 36 x 72 Conference ,99.59,97.10
P298,Logitech Wireless Headset,99.99,64.99
P299,Riverside Furniture Stanw,172.11,266.77
P300,Acco Banker s Clasps 5 3,2.30,1.53
P301,Xerox 224,5.19,3.37
P302,Logitech Wireless Anywher,47.99,41.99
P303,GBC Personal VeloBind Str,9.58,6.23
P304,Jawbone JAMBOX Wireless B,126.39,82.16
P305,Eldon Simplefile Box Offi,12.44,8.96
P306,AT&T SB67148 SynJ,52.79,48.17
P307,Memorex Mini Travel Drive,36.24,21.02
P308,Pyle PMP37LED,76.79,70.07
P309,AT&T 1080 Corded phone,109.59,100.00
P310,Recycled Pressboard Repor,2.58,1.65
P311,Xerox 213,6.48,3.37
P312,Prismacolor Color Pencil ,19.84,11.71
P313,Newell 314,4.47,4.19
P314,Fellowes PB200 Plastic Co,51.00,91.80
P315,Square Credit Card Reader,5.99,5.30
P316,Avery 479,2.61,1.41
P317,Belkin F9G930V10-GRY 9 Ou,53.48,37.97
P318,Howard Miller 13 Diamete,46.94,27.70
P319,Ativa MDM8000 8-Sheet Mic,71.99,47.70
P320,Binney & Smith inkTank De,2.15,1.44
P321,Advantus Push Pins Alumi,5.81,4.01
P322,Prang Dustless Chalk Stic,1.35,0.84
P323,DMI Arturo Collection Mis,105.69,111.73
P324,Cameo Buff Policy Envelop,49.78,32.98
P325,Kensington Expert Mouse O,75.99,66.49
P326,Executive Impressions 13,25.38,16.50
P327,GBC Durable Plastic Cover,19.35,10.45
P328,Xerox 232,6.48,3.37
P329,Bush Advantage Collection,148.82,167.95
P330,Personal Folder Holder E,8.97,7.85
P331,GE 4 Foot Flourescent Tub,14.98,8.09
P332,ACCOHIDE Binder by Acco,3.30,2.19
P333,SAFCO Commercial Wire She,138.14,138.14
P334,ACCOHIDE 3-Ring Binder B,3.30,2.19
P335,Wilson Jones Suede Grain ,0.83,1.42
P336,G.E. Halogen Desk Lamp Bu,5.59,3.63
P337,Xerox 1985,5.19,3.37
P338,12 Colored Short Pencils,2.08,1.90
P339,AT&T CL2909,100.79,88.19
P340,Tenex Traditional Chairma,60.65,47.91
P341,Kensington 6 Outlet Maste,90.24,64.07
P342,GuestStacker Chair with C,297.41,267.67
P343,Bevis Steel Folding Chair,76.76,69.08
P344,Acco Pressboard Covers wi,3.05,2.10
P345,Newell 347,4.28,3.04
P346,Acco Data Flex Cable Post,10.43,5.74
P347,Recycled Steel Personal F,55.29,40.91
P348,Blackstonian Pencils,2.67,1.92
P349,Avery 488,3.15,1.64
P350,Avery File Folder Labels,2.30,1.47
P351,X-Rack File for Hanging F,9.03,8.36
P352,Carina Mini System Audio ,88.79,107.65
P353,Samsung Galaxy Mega 6.3,335.99,310.79
P354,Dax Clear Box Frame,8.73,5.76
P355,Global Leather Executive ,280.79,245.69
P356,2300 Heavy-Duty Transfer ,19.98,20.23
P357,Square Credit Card Reader,9.99,7.40
P358,Maxell 4.7GB DVD-RW 3/Pac,15.93,10.51
P359,Hunt Boston Vacuum Mount ,34.99,25.89
P360,Brother DCP1000 Digital 3,239.99,194.99
P361,Avery 481,3.08,1.60
P362,GBC Poly Designer Binding,13.39,8.54
P363,Avery Durable Plastic 1 ,3.63,2.32
P364,Fellowes Binding Cases,11.70,6.44
P365,OIC Thumb-Tacks,0.91,0.60
P366,Eldon Regeneration Recycl,1.74,1.18
P367,Holmes Odor Grabber,14.42,9.66
P368,Adams While You Were Out,3.14,1.73
P369,Newell 350,3.28,2.33
P370,Xerox 1933,12.28,6.51
P371,Eldon Portable Mobile Man,22.63,20.65
P372,Easy-staple paper,35.44,18.78
P373,Wilson Jones Legal Size R,17.59,11.00
P374,Model L Table or Wall-Mou,17.99,12.95
P375,Acco PRESSTEX Data Binder,5.38,2.74
P376,Newell 335,2.88,2.04
P377,Lifetime Advantage Foldin,218.08,157.02
P378,Hewlett Packard LaserJet ,359.99,311.99
P379,Sony Micro Vault Click 16,55.99,42.55
P380,Fellowes Super Stor/Drawe,27.75,22.75
P381,Avery 506,4.13,2.23
P382,Weyerhaeuser First Choice,6.48,3.37
P383,Strathmore #10 Envelopes,52.71,26.88
P384,LF Elite 3D Dazzle Design,8.72,7.85
P385,Bestar Classic Bookcase,50.00,80.99
P386,DIXON Ticonderoga Erasabl,4.46,3.40
P387,Southworth 25% Cotton Pre,19.98,10.39
P388,Wilson Electronics DB Pro,286.40,261.34
P389,Acme Design Stainless Ste,6.84,4.99
P390,Hon Pagoda Stacking Chair,256.78,224.68
P391,SanDisk Cruzer 64 GB USB ,29.06,25.43
P392,Xblue XB-1670-86 X16 Smal,100.79,94.49
P393,Deflect-o EconoMat Studde,16.53,37.60
P394,Logitech ClearChat Comfor,23.43,19.62
P395,Staple holder,11.97,8.74
P396,Hon Multipurpose Stacking,151.62,160.28
P397,Avery Arch Ring Binders,11.62,30.79
P398,Bevis Traditional Confere,233.35,276.69
P399,GBC DocuBind P100 Manual ,49.79,91.29
P400,Plantronics Audio 478 Ste,49.99,32.49
P401,Electrix Halogen Magnifie,155.44,143.78
P402,Imation¬¨¬®‚Äö√Ñ‚Ä†Clip U,18.80,17.67
P403,Apple iPhone 5,389.90,474.38
P404,Deflect-o Glass Clear Stu,49.74,48.50
P405,Xerox 1949,3.99,2.54
P406,Avery Heavy-Duty EZD View,6.38,3.45
P407,Acco 6 Outlet Guardian Ba,8.32,5.99
P408,Sanford Colorific Scented,4.28,2.95
P409,24-Hour Round Wall Clock,19.98,11.39
P410,Contemporary Borderless F,3.44,5.42
P411,SanDisk Ultra 16 GB Micro,10.39,12.21
P412,Fellowes PB300 Plastic Co,387.99,205.63
P413,Plantronics Voyager Pro L,205.99,148.31
P414,GBC ProClick Punch Bindin,63.98,32.63
P415,Xerox 1992,5.98,3.05
P416,Global Deluxe Steno Chair,53.89,68.51
P417,Adams Telephone Message B,4.83,3.20
P418,Ibico Plastic Spiral Bind,6.08,16.42
P419,Nortel Networks T7316 E N,67.99,50.99
P420,Plantronics Encore H101 D,44.95,32.36
P421,Angle-D Ring Binders,1.64,2.96
P422,Newell 317,2.35,2.09
P423,Motorola L804,27.60,32.66
P424,Xerox 1999,6.48,3.37
P425,Letter Slitter,2.52,2.45
P426,1.7 Cubic Foot Compact C,208.16,151.96
P427,Xerox 1944,38.76,19.77
P428,Harmony Air Purifier,37.80,120.96
P429,Electrix Incandescent Mag,14.66,26.76
P430,Strathmore Photo Frame Ca,7.31,3.95
P431,Sauder Inglewood Library ,145.34,131.66
P432,VTech DS6151,100.79,90.71
P433,netTALK DUO VoIP Telephon,41.99,26.25
P434,Hon Olson Stacker Stools,112.65,101.39
P435,SAFCO Mobile Desk Side Fi,34.21,31.64
P436,Global Commerce Series Lo,179.89,182.46
P437,KI Conference Tables,56.71,59.55
P438,Fellowes Officeware Wire ,89.83,88.03
P439,Plantronics HL10 Handset ,92.79,82.35
P440,Logitech Wireless Perform,99.99,61.99
P441,Fellowes Presentation Cov,2.91,8.00
P442,I Need s 3d Hello Kitty H,9.57,8.61
P443,Green Canvas Binder for 8,34.24,21.40
P444,Ampad Poly Cover Wireboun,4.54,2.50
P445,Chromcraft Rectangular Co,118.49,180.10
P446,GBC Pre-Punched Binding P,12.79,8.32
P447,Geemarc AmpliPOWER60,92.80,65.89
P448,Honeywell Quietcare HEPA ,78.65,52.70
P449,Xerox 1948,9.99,5.50
P450,Samsung Galaxy Note 3,219.99,153.99
P451,Grandstream GXP1160 VoIP ,37.91,26.92
P452,Safco Steel Mobile File C,83.36,62.52
P453,Adams Telephone Message B,7.98,3.99
P454,Honeywell Enviracaire Por,300.65,201.44
P455,Xerox 205,6.48,3.37
P456,GBC Clear Cover 8-1/2 x ,15.16,8.19
P457,Boston Heavy-Duty Trimlin,48.20,34.22
P458,3M Hangers With Command A,3.70,2.18
P459,Adtran 1202752G1,125.99,93.23
P460,Wilson Jones Heavy-Duty C,34.64,18.01
P461,Acco 6 Outlet Guardian Pr,13.10,10.63
P462,GBC Standard Therm-A-Bind,19.94,13.46
P463,Aluminum Document Frame,12.22,8.55
P464,Mophie Juice Pack Helium ,79.99,57.59
P465,Security-Tint Envelopes,7.64,3.90
P466,Avery 513,3.99,2.69
P467,Contract Clock 14 Brow,8.79,14.51
P468,Seth Thomas 14 Day/Date ,28.48,17.94
P469,Commercial WindTunnel Cle,3.89,2.88
P470,O Sullivan Living Dimensi,176.79,198.89
P471,Sanford Liquid Accent Hig,6.68,4.21
P472,Wilson Jones Century Plas,16.62,11.01
P473,Acme Office Executive Ser,8.57,6.34
P474,Chromcraft Bull-Nose Wood,330.59,446.29
P475,#10- 4 1/8 x 9 1/2 Recy,6.99,4.63
P476,Presstex Flexible Ring Bi,1.37,2.28
P477,Bevis Round Conference Ta,89.65,159.57
P478,Hon Deluxe Fabric Upholst,195.18,170.79
P479,Situations Contoured Fold,56.78,53.23
P480,Tennsco Snap-Together Ope,279.48,265.51
P481,Eldon Expressions Wood an,6.98,4.96
P482,Newell 322,1.82,1.33
P483,Mitel 5320 IP Phone VoIP ,151.19,136.07
P484,DXL Angle-View Binders wi,6.17,4.24
P485,Belkin F5C206VTEL 6 Outle,22.98,16.09
P486,Konftel 250 Conference¬¨¬,227.86,210.77
P487,Logitech M510 Wireless Mo,31.99,26.79
P488,Boston 1645 Deluxe Heavie,35.19,32.11
P489,Staple remover,3.68,3.61
P490,Deluxe Chalkboard Eraser ,11.55,6.24
P491,Bevis 44 x 96 Conference ,205.90,170.90
P492,DIXON Oriole Pencils,2.58,1.91
P493,Executive Impressions 13-,18.70,11.60
P494,Dot Matrix Printer Tape R,98.31,50.14
P495,Hon Metal Bookcases Gray,70.98,51.82
P496,Lesro Sheffield Collectio,49.96,59.24
P497,Avery Premier Heavy-Duty ,2.86,7.71
P498,Xerox 1902,18.27,12.33
P499,Boston 16750 Black Compac,8.75,6.13
P500,Texas Instruments TI-34 S,21.99,11.65
P501,OIC Binder Clips,3.58,1.79
P502,GBC DocuBind P400 Electri,1088.79,734.94
P503,Xerox 1892,31.01,19.77
P504,Plantronics Cordless¬¨¬®‚,27.96,25.51
P505,HTC One Mini,100.79,90.71
P506,Storex DuraTech Recycled ,0.85,2.12
P507,Hon Metal Bookcases Blac,48.27,53.24
P508,Xerox 2,5.18,3.37
P509,Okidata C331dn Printer,209.40,258.26
P510,Safco Industrial Wire She,72.78,90.98
P511,Nontoxic Chalk,1.76,0.92
P512,Luxo Professional Magnify,104.01,89.45
P513,Recycled Eldon Regenerati,12.28,8.84
P514,OIC #2 Pencils Medium So,1.88,1.34
P515,Newell 341,4.28,3.04
P516,Wilson Jones 1 Hanging D,1.58,2.75
P517,Avery Trapezoid Extra Hea,12.58,20.97
P518,Stacking Trays by OIC,3.98,3.33
P519,Epson Perfection V600 Pho,69.00,126.49
P520,Fellowes Advanced 8 Outle,22.21,20.27
P521,GBC Prepunched Paper 19-,4.51,8.11
P522,Message Book Phone Wire,6.55,3.54
P523,GE 2-Jack Phone Line Spli,205.99,152.43
P524,Polycom SoundStation2 EX ,404.95,287.51
P525,KeyTronic¬¨¬®‚Äö√Ñ‚Ä†6101,32.79,23.36
P526,Office Impressions Heavy ,167.27,167.27
P527,Padded Folding Chairs Bl,56.69,58.31
P528,Panasonic Kx-TS550,27.59,32.65
P529,Hon Deluxe Fabric Upholst,170.79,170.79
P530,SpineVue Locking Slant-D ,2.74,4.75
P531,Sony 64GB Class 10 Micro ,28.79,28.43
P532,Prang Drawing Pencil Set,2.22,2.03
P533,Acme Kleen Earth Office S,3.10,2.75
P534,Acrylic Self-Standing Des,2.14,1.66
P535,Hon 4060 Series Tables,89.57,87.33
P536,Plantronics 81402,52.79,48.83
P537,Hunt BOSTON Vista Battery,9.33,8.51
P538,Xerox 1995,5.18,3.37
P539,Self-Adhesive Ring Binder,1.06,1.87
P540,Xerox 1941,83.88,54.52
P541,Dixon My First Ticonderog,4.68,4.15
P542,Wilson Jones Clip & Carry,4.64,3.02
P543,GBC Recycled Regency Comp,47.82,32.28
P544,BIC Brite Liner Grip High,1.31,0.90
P545,Cardinal Poly Pocket Divi,2.69,1.85
P546,Sanford Uni-Blazer View H,2.20,1.23
P547,Xerox 1913,44.38,28.85
P548,Cardinal Holdit Business ,3.98,2.59
P549,Wilson SignalBoost 841262,287.96,251.97
P550,Avery Durable Binders,0.86,1.47
P551,Logitech B530 USB¬¨¬®‚Äö√,36.99,27.01
P552,Southworth Structures Col,7.28,3.64
P553,NETGEAR AC1750 Dual Band ,159.99,105.59
P554,Avery 516,7.31,3.88
P555,Gould Plastics 18-Pocket ,73.59,88.31
P556,Fellowes Bankers Box Stor,25.58,28.78
P557,Vinyl Sectional Post Bind,30.16,18.85
P558,Advantus Panel Wall Certi,9.76,7.08
P559,Wilson Jones Four-Pocket ,1.96,3.34
P560,Canon Imageclass D680 Cop,559.99,384.99
P561,Global Comet Stacking Arm,239.24,215.32
P562,Global High-Back Leather ,86.10,109.47
P563,Howard Miller 11-1/2 Dia,34.51,28.47
P564,Xerox 1895,4.78,3.29
P565,Avery 49,2.88,1.47
P566,Perma STOR-ALL Hanging Fi,5.98,4.96
P567,Avery Hidden Tab Dividers,2.38,1.61
P568,Cisco SPA508G,65.99,46.85
P569,9-3/4 Diameter Round Wall,13.79,8.00
P570,Avery 514,2.88,1.47
P571,Polycom VVX 310 VoIP phon,143.99,133.19
P572,Xerox 200,5.19,3.37
P573,Xerox 1881,12.28,6.51
P574,Newell 3-Hole Punched Pla,3.66,2.38
P575,Cisco SPA112 2 Port Phone,54.95,39.01
P576,Tuff Stuff Recycled Round,3.86,2.46
P577,Hon 5100 Series Wood Tabl,232.78,238.60
P578,GE DSL Phone Line Filter,31.99,28.39
P579,Safco Chair Connectors 6,30.79,27.32
P580,Verbatim 25 GB 6x Blu-ray,5.96,5.14
P581,Hon Deluxe Fabric Upholst,170.79,175.67
P582,Fluorescent Highlighters ,3.18,2.63
P583,Bevis Round Conference Ta,117.07,115.61
P584,Acco D-Ring Binder w/Dubl,4.28,10.90
P585,Griffin GC36547 PowerJolt,13.49,15.74
P586,iOttie HLCRIO102 Car Moun,12.00,18.99
P587,Tensor Track Tree Floor L,15.99,15.39
P588,Belkin 7 Outlet SurgeMast,39.48,28.43
P589,Newell 315,5.98,4.48
P590,Maxell 4.7GB DVD-R 5/Pack,0.99,0.55
P591,Advantus Push Pins,2.18,1.29
P592,Office Star - Ergonomical,64.79,71.26
P593,Cardinal Slant-D Ring Bin,6.95,4.69
P594,Barricks 18 x 48 Non-Fo,70.56,74.59
P595,Avery 3 1/2 Diskette Sto,10.44,5.64
P596,Acco Hanging Data Binders,3.81,1.98
P597,Acco Pressboard Covers wi,3.05,1.95
P598,Letter Size Cart,114.29,101.43
P599,Westinghouse Clip-On Goos,3.35,6.19
P600,HON 5400 Series Task Chai,490.69,560.79
P601,Xerox 189,104.85,54.52
P602,Wilson Jones Custom Binde,4.35,2.77
P603,Xerox 1897,4.98,2.54
P604,Nu-Dell Leatherette Frame,14.34,9.18
P605,Clear Mylar Reinforcing S,14.95,9.91
P606,Wirebound Message Books ,7.61,4.03
P607,Maxell 74 Minute CD-R Spi,20.97,13.42
P608,Xerox 1965,5.98,3.05
P609,Newell 348,3.28,2.33
P610,Newell 334,19.84,14.68
P611,Global Troy Executive Lea,400.79,375.74
P612,Inter-Office Recycled Env,17.58,11.65
P613,Hon Every-Day Series Mult,131.59,150.38
P614,Acco Economy Flexible Pol,1.04,2.87
P615,Premium Writing Pencils ,2.98,2.15
P616,Logitech G602 Wireless Ga,79.99,51.20
P617,Newell 32,2.88,2.07
P618,Eldon Mobile Mega Data Ca,23.65,16.79
P619,Safco Drafting Table,56.78,50.40
P620,Newell 324,9.24,8.32
P621,Microsoft Natural Keyboar,47.90,50.90
P622,Case Logic 2.4GHz Wireles,49.99,45.99
P623,Acme Softgrip Scissors,8.14,5.78
P624,Imation¬¨¬®‚Äö√Ñ‚Ä†8gb Mi,15.00,13.35
P625,Fellowes Personal Hanging,13.43,9.67
P626,High Speed Automatic Elec,1637.53,1572.03
P627,Staple-based wall hanging,9.74,5.46
P628,Belkin 19 Vented Equipme,41.18,50.96
P629,Apple iPhone 5S,455.99,398.99
P630,Hon 2090 ¬¨¬®‚àö¬®Pillow ,224.78,261.31
P631,Tensor Computer Mounted L,14.89,10.87
P632,Logitech Illuminated Ultr,56.99,33.62
P633,Memorex Micro Travel Driv,15.99,11.03
P634,Metal Folding Chairs Bei,33.94,24.78
P635,Avery 485,12.53,6.64
P636,DAX Cubicle Frames 8-1/2,8.57,5.48
P637,DAX Clear Channel Poster ,5.83,9.19
P638,GBC Premium Transparent C,4.20,10.91
P639,GBC Instant Index System ,1.78,4.44
P640,Acco 6 Outlet Guardian St,2.42,8.47
P641,WD My Passport Ultra 2TB ,119.00,99.96
P642,Xerox 1956,5.98,3.05
P643,OIC Colored Binder Clips,2.86,1.83
P644,DataProducts Ampli Magnif,21.65,19.48
P645,Rush Hierlooms Collection,170.98,138.49
P646,Self-Adhesive Address Lab,5.85,3.87
P647,Xerox 1916,39.15,24.47
P648,Wilson Jones data.warehou,6.58,4.28
P649,Acco Clips to Go Binder C,2.84,1.88
P650,Memorex Micro Travel Driv,10.60,6.04
P651,Smead Adjustable Mobile F,419.19,306.01
P652,BoxOffice By Design Recta,109.38,190.32
P653,Bravo II Megaboss 12-Amp ,2.60,2.31
P654,Xerox 1884,19.98,10.59
P655,Acme Box Cutter Scissors,10.23,7.57
P656,White Computer Printout P,31.01,19.77
P657,Hoover WindTunnel Plus Ca,363.25,261.54
P658,Xerox 1934,55.98,28.55
P659,Newell 329,3.28,2.43
P660,Panasonic KX T7731-B Digi,79.99,72.99
P661,Safco Wire Cube Shelving ,31.78,30.19
P662,Eureka The Boss Cordless ,50.98,37.22
P663,Maxell 4.7GB DVD-R,28.38,16.74
P664,Adams Phone Message Book,6.98,3.70
P665,Global Value Steno Chair,48.59,45.55
P666,Logitech Desktop MK120 Mo,16.36,14.72
P667,Boston KS Multi-Size Manu,22.99,16.56
P668,Binney & Smith inkTank Er,2.28,1.28
P669,Hon GuestStacker Chair,226.67,167.74
P670,Plantronics CS 50-USB -¬¨,135.99,99.27
P671,SAFCO PlanMaster Heigh-Ad,244.62,223.65
P672,Logitech G700s Rechargeab,99.99,58.00
P673,Fellowes Superior 10 Outl,38.06,27.03
P674,Sharp AL-1530CS Digital C,399.99,255.00
P675,AT&T 1070 Corded Phone,89.19,78.04
P676,Dana Halogen Swing-Arm Ar,40.97,29.50
P677,Eldon Delta Triangular Ch,30.35,31.10
P678,SanDisk Ultra 64 GB Micro,31.99,35.59
P679,Advantus Rolling Drawer O,38.48,28.48
P680,Sharp 1540cs Digital Lase,549.99,274.99
P681,Acco Smartsocket Table Su,55.85,43.44
P682,Globe Weis Peel & Seel Fi,12.78,7.03
P683,Nu-Dell Float Frame 11 x ,8.98,5.21
P684,O Sullivan 2-Shelf Heavy-,38.87,40.81
P685,Xerox 21,5.18,3.37
P686,Avery 494,2.61,1.41
P687,Cisco Unified IP Phone 79,272.79,255.74
P688,Jawbone MINI JAMBOX Wirel,109.59,131.50
P689,Ibico Ibimaster 300 Manua,294.39,202.39
P690,Great White Multi-Use Rec,5.98,3.29
P691,Super Bands 12/Pack,1.49,1.80
P692,Eldon Image Series Desk A,12.35,6.92
P693,Sanford 52201 APSCO Elect,40.97,30.32
P694,Vinyl Coated Wire Paper C,11.48,6.09
P695,Tennsco Single-Tier Locke,375.34,356.57
P696,Performers Binder/Pad Hol,28.03,14.01
P697,BlackBerry Q10,100.79,94.49
P698,Xerox 229,5.18,3.37
P699,Bulldog Vacuum Base Penci,9.59,8.75
P700,Acco Smartsocket Color-Co,35.21,32.57
P701,Acco Side-Punched Convent,2.78,3.30
P702,Acco Translucent Poly Rin,4.68,2.43
P703,Premium Transparent Prese,20.98,10.91
P704,Xerox 1955,18.27,12.33
P705,Tripp Lite TLP810NET Broa,50.97,36.70
P706,Xerox 1925,30.98,17.04
P707,Avery Heavy-Duty EZD  Bin,4.47,2.90
P708,Novimex Fabric Task Chair,48.79,51.84
P709,Xerox 203,5.18,3.37
P710,Xerox 1929,22.84,12.33
P711,Colored Push Pins,1.81,1.16
P712,Logitech¬¨¬®‚Äö√Ñ‚Ä†Gamin,84.99,54.39
P713,Turquoise Lead Holder wit,5.36,4.49
P714,GBC DocuBind P50 Personal,19.20,33.91
P715,Acme Kleencut Forged Stee,4.59,4.02
P716,Satellite Sectional Post ,34.73,23.45
P717,Riverleaf Stik-Withit Des,10.06,5.43
P718,GBC DocuBind TL300 Electr,896.99,475.40
P719,Faber Castell Col-Erase P,3.91,2.88
P720,Acme Serrated Blade Lette,2.54,3.15
P721,Xerox 1899,5.78,2.95
P722,Xerox 1994,6.48,3.37
P723,Personal Creations Ink Je,11.48,5.86
P724,Xerox 1976,5.18,3.37
P725,Acme Titanium Bonded Scis,6.80,6.29
P726,Regeneration Desk Collect,1.41,0.98
P727,Cisco SPA525G2 IP Phone -,15.96,14.76
P728,Xerox 1931,5.18,3.37
P729,Xerox 1988,24.78,17.04
P730,Xerox 1993,6.48,3.30
P731,SlimView Poly Binder 3/8,4.15,2.80
P732,G.E. Longer-Life Indoor R,6.64,3.46
P733,Redi-Strip #10 Envelopes,2.36,1.54
P734,Xerox 1921,7.99,5.50
P735,Eldon 200 Class Desk Acce,6.28,3.64
P736,SanDisk Cruzer 32 GB USB ,19.02,12.93
P737,Xerox 23,6.48,3.37
P738,Portable Personal File Bo,12.21,8.91
P739,Wilson Jones Elliptical R,8.56,21.83
P740,Square Ring Data Binders,4.13,10.73
P741,Insertable Tab Indexes Fo,0.95,1.72
P742,Xerox 1978,5.78,2.95
P743,Avoid Verbal Orders Carbo,3.38,1.83
P744,Newell 340,2.88,2.04
P745,Cisco SPA 501G IP Phone,71.16,65.82
P746,Wilson Jones Hanging View,5.68,3.84
P747,GE 30522EE2,115.99,82.35
P748,Master Caster Door Stop ,7.28,4.15
P749,Bretford CR8500 Series Me,400.98,300.73
P750,Xerox 1940,54.96,28.03
P751,Xerox 1986,6.68,3.48
P752,Jiffy Padded Mailers with,14.91,9.50
P753,Balt Solid Wood Rectangul,58.02,94.94
P754,Wilson Jones Standard D-R,5.06,2.68
P755,KeyTronic¬¨¬®‚Äö√Ñ‚Ä†KT40,10.28,8.22
P756,BOSTON Model 1800 Electri,17.98,12.77
P757,Prestige Round Ring Binde,1.22,3.22
P758,Xerox 216,5.18,3.37
P759,Wilson Jones Hanging Recy,11.87,7.72
P760,Tenex Carpeted Granite-L,70.71,65.76
P761,SANFORD Major Accent High,7.08,4.39
P762,Epson TM-T88V Direct Ther,186.57,226.99
P763,GBC VeloBinder Strips,1.54,3.84
P764,Telescoping Adjustable Fl,15.99,14.99
P765,invisibleSHIELD by ZAGG S,10.79,9.35
P766,DAX Natural Wood-Tone Pos,21.19,16.95
P767,StarTech.com 10/100 VDSL2,99.89,239.73
P768,GBC Laser Imprintable Bin,14.27,7.56
P769,Xerox 2000,6.48,3.37
P770,3M Polarizing Task Lamp w,136.98,101.37
P771,AT&T EL51110 DECT,125.99,89.45
P772,Panasonic KX TS3282B Cord,65.59,60.67
P773,Angle-D Binders with Lock,1.46,3.87
P774,Riverside Furniture Oval ,200.80,223.75
P775,Belkin Standard 104 key U,11.67,12.40
P776,Avery Recycled Flexi-View,16.03,8.34
P777,Akro-Mils 12-Gallon Tote,9.93,7.05
P778,Acme Design Line 8 Stain,6.84,4.99
P779,Avery Legal 4-Ring Binder,16.78,10.49
P780,Acco Hot Clips Clips to G,2.63,1.81
P781,BIC Brite Liner Highlight,3.31,2.40
P782,Lexmark MX611dhe Monochro,1019.99,1189.99
P783,SAFCO Arco Folding Chair,193.34,196.10
P784,Kensington 7 Outlet Maste,35.60,126.37
P785,JBL Micro Wireless Portab,47.99,44.99
P786,Logitech Wireless Touch K,24.99,20.74
P787,Memorex Froggy Flash Driv,10.99,6.70
P788,Holmes Replacement Filter,11.33,6.46
P789,Pizazz Global Quick File,14.97,10.78
P790,Ideal Clamps,2.01,1.03
P791,Advantus Plastic Paper Cl,5.00,2.60
P792,Epson WorkForce WF-2530 A,69.99,39.89
P793,Black & Decker Filter for,8.39,6.29
P794,Prang Colored Pencils,2.94,1.62
P795,Hunt PowerHouse Electric ,37.98,26.59
P796,Snap-A-Way Black Print Ca,30.35,20.11
P797,Global Super Steno Chair,86.38,79.66
P798,Acco PRESSTEX Data Binder,4.31,2.80
P799,Alphabetical Labels for T,14.80,7.40
P800,Global Italian Leather Of,130.98,95.62
P801,Advantus Motivational Not,13.10,6.68
P802,Xerox 210,5.18,3.37
P803,Rosewill 107 Normal Keys ,10.78,11.59
P804,Polycom SoundPoint IP 450,135.52,167.14
P805,3D Systems Cube Printer ,650.00,936.00
P806,Nu-Dell Executive Frame,10.11,7.96
P807,Newell 320,3.42,3.12
P808,Peel & Seel Envelopes,3.10,2.02
P809,Kensington 6 Outlet Guard,20.48,14.95
P810,Deflect-o DuraMat Lighwei,42.65,35.40
P811,Fellowes 8 Outlet Superio,33.37,29.61
P812,Wilson Jones Impact Binde,1.04,2.64
P813,Premier Elliptical Ring B,9.13,15.83
P814,SanDisk Cruzer 16 GB USB ,11.48,9.30
P815,Seth Thomas 8 1/2 Cubicl,20.28,13.79
P816,Eldon File Chest Portable,15.88,14.69
P817,Acco Suede Grain Vinyl Ro,0.83,1.50
P818,Acme Value Line Scissors,3.65,2.56
P819,WD My Passport Ultra 500G,59.00,48.97
P820,Xerox 1942,48.94,24.47
P821,Kensington 7 Outlet Maste,26.23,91.79
P822,Avery 51,5.04,3.40
P823,Colored Envelopes,3.69,1.99
P824,Sanitaire Vibra Groomer I,2.60,2.34
P825,Avery Poly Binder Pockets,3.58,1.86
P826,Ativa V4110MDD Micro-Cut ,699.99,357.00
P827,Spigen Samsung Galaxy S5 ,16.99,12.57
P828,Vtech CS6719,95.99,69.11
P829,Revere Boxed Rubber Bands,1.51,1.85
P830,Xerox 1900,3.43,2.36
P831,Trimflex Flexible Post Bi,4.28,11.12
P832,Seth Thomas 16 Steel Cas,25.99,21.76
P833,Acco Pressboard Covers wi,1.47,2.50
P834,Logitech Trackman Marble ,23.99,17.39
P835,Xerox 1924,4.62,2.94
P836,Eldon Gobal File Keepers,15.14,14.54
P837,Eldon ProFile File  N Sto,19.31,13.90
P838,Executive Impressions 12,17.67,10.96
P839,Tyvek Interoffice Envelop,60.98,32.32
P840,Newell 313,2.63,2.40
P841,Boston 16701 Slimline Bat,12.75,11.16
P842,Plantronics Single Ear He,5.99,10.38
P843,Xerox 1960,24.78,17.04
P844,Verbatim 25 GB 6x Blu-ray,5.59,3.91
P845,Xerox WorkCentre 6505DN L,359.99,395.99
P846,Project Tote Personal Fil,11.22,9.96
P847,HP Designjet T520 Inkjet ,875.00,1189.99
P848,Decoflex Hanging Personal,15.42,11.26
P849,Hon 2111 Invitation Serie,73.92,119.75
P850,Avery 499,4.98,2.69
P851,Wirebound Message Book 4,5.43,2.77
P852,C-Line Cubicle Keepers Po,54.74,37.77
P853,QVS USB Car Charger 2-Por,5.56,3.82
P854,DMI Eclipse Executive Sui,400.79,405.80
P855,Panasonic KX-TG9541B DECT,149.99,76.49
P856,Nortel Meridian M3904 Pro,123.19,109.33
P857,Canon PC1080F Personal Co,599.99,365.99
P858,Fellowes Basic Home/Offic,12.98,9.22
P859,#10 White Business Envelo,15.67,8.31
P860,Newell 34,19.84,14.68
P861,Polycom CX300 Desktop Pho,119.99,107.99
P862,Wirebound Four 2-3/4 x 5 ,6.45,3.29
P863,While You Were Out Pads ,3.78,2.41
P864,Dana Swing-Arm Lamps,4.27,8.01
P865,Boston 16801 Nautilus Bat,22.01,16.29
P866,File Shuttle II and Handi,33.89,25.42
P867,Computer Room Manger 14,32.48,20.79
P868,Avery Hi-Liter GlideStik ,3.26,1.83
P869,Office Star - Mid Back Du,144.88,123.96
P870,Xerox 217,6.48,3.37
P871,Ibico EPK-21 Electric Bin,1889.99,963.89
P872,GBC Instant Report Kit,6.47,3.24
P873,Avery Binding System Hidd,4.62,2.89
P874,Ibico Covers for Plastic ,11.50,6.32
P875,Gould Plastics 9-Pocket P,52.99,50.87
P876,Xerox 1954,4.22,2.90
P877,Avery Self-Adhesive Photo,1.36,3.54
P878,Leather Task Chair Black,72.79,72.79
P879,Acco 3-Hole Punch,0.88,2.28
P880,Belkin 8 Outlet SurgeMast,47.98,43.18
P881,Dual Level Single-Width ,155.06,114.75
P882,Avery Durable Slant Ring ,1.19,2.11
P883,Acco Six-Outlet Power Str,6.90,6.38
P884,Hoover Commercial Lightwe,2.78,2.58
P885,Maxell CD-R Discs,1.58,1.34
P886,Maxell Pro 80 Minute CD-R,13.98,10.49
P887,Deflect-o SuperTray Unbre,29.18,16.63
P888,White GlueTop Scratch Pad,12.03,8.12
P889,Deflect-o DuraMat Antista,84.27,80.06
P890,Luxo Professional Combina,102.30,75.70
P891,Xerox 223,6.48,3.37
P892,Star Micronics TSP800 TSP,343.16,231.64
P893,Fellowes Mobile File Cart,62.18,45.39
P894,Permanent Self-Adhesive F,5.04,3.40
P895,Southworth Parchment Pape,5.23,3.53
P896,Longer-Life Soft White Bu,3.08,1.60
P897,Seth Thomas 14 Putty-Col,29.34,20.25
P898,Avery 48,6.30,3.40
P899,GBC Standard Plastic Bind,5.03,3.46
P900,Fellowes Super Stor/Drawe,161.55,130.86
P901,Tops Green Bar Computer P,48.94,24.47
P902,Eureka Sanitaire  Commerc,132.57,122.63
P903,Sterling Rubber Bands by ,4.71,4.71
P904,Adams Telephone Message B,4.71,3.00
P905,Bose SoundLink Bluetooth ,159.20,105.47
P906,Letter or Legal Size Expa,2.13,1.36
P907,Stiletto Hand Letter Open,7.68,9.31
P908,Kingston Digital DataTrav,7.16,7.25
P909,Global Deluxe Stacking Ch,40.78,36.20
P910,Convenience Packs of Busi,2.90,1.92
P911,Logitech G105 Gaming Keyb,47.50,48.68
P912,Smead Alpha-Z Color-Coded,2.47,1.61
P913,Avery 512,2.89,1.53
P914,Avery 519,7.31,3.88
P915,Office Star - Contemporar,117.88,119.19
P916,Imation¬¨¬®‚Äö√Ñ‚Ä†USB 2.,3.03,2.39
P917,Tennsco Lockers Gray,16.78,19.51
P918,Fellowes Staxonsteel Draw,193.17,166.13
P919,Maxell 74 Minute CDR 10/,7.82,6.16
P920,Xerox 197,30.98,17.04
P921,#10- 4 1/8 x 9 1/2 Secu,7.64,3.90
P922,Hewlett-Packard Deskjet F,51.00,86.70
P923,Dixon Ticonderoga Core-Lo,36.55,20.47
P924,Fellowes High-Stak Drawer,140.95,135.67
P925,DAX Cubicle Frames - 8x10,5.77,4.04
P926,WD My Passport Ultra 1TB ,69.00,57.27
P927,Iris Project Case,7.98,5.91
P928,Global Enterprise Series ,216.79,249.31
P929,Eldon Pizzaz Desk Accesso,2.23,1.25
P930,Sortfiler Multipurpose Pe,21.39,15.19
P931,Acme Hot Forged Carbon St,11.12,9.87
P932,Bevis Round Bullnose 29 ,259.71,197.38
P933,Sony 16GB Class 10 Micro ,12.89,11.60
P934,Flexible Leather- Look Cl,18.94,9.47
P935,Pastel Pink Envelopes,7.28,3.79
P936,Space Solutions Industria,78.80,77.23
P937,Hoover Replacement Belts ,0.79,2.92
P938,Hewlett Packard 610 Color,399.99,274.99
P939,Xerox 1903,4.79,3.05
P940,SimpliFile Personal File,11.35,8.17
P941,Office Star - Ergonomic M,180.98,152.02
P942,Logitech¬¨¬®‚Äö√Ñ‚Ä†Illum,59.99,31.19
P943,Avaya IP Phone 1140E VoIP,278.99,206.45
P944,Global Wood Trimmed Manag,90.98,79.15
P945,White Business Envelopes ,8.75,5.47
P946,Eldon Base for stackable ,31.15,36.99
P947,Office Star Flex Back Sco,100.89,76.68
P948,Computer Printout Index T,1.34,0.87
P949,Spiral Phone Message Book,4.48,2.28
P950,Accohide Poly Flexible Ri,2.99,1.87
P951,Avery Durable Slant Ring ,3.34,2.17
P952,Xerox 1917,48.91,25.92
P953,Panasonic KX TS208W Corde,39.19,35.27
P954,Lesro Round Back Collecti,109.53,158.82
P955,24 Capacity Maxi Data Bin,168.44,157.91
P956,Wirebound Voice Message L,3.81,2.57
P957,Avery 4027 File Folder La,24.42,16.48
P958,Hon Practical Foundations,136.53,177.49
P959,Plastic Binding Combs,12.12,8.03
P960,SANFORD Liquid Accent Tan,2.84,1.96
P961,Tenex Chairmats For Use w,32.48,29.88
P962,Advantus Map Pennant Flag,3.95,2.69
P963,GBC VeloBind Cover Sets,12.35,7.72
P964,Memorex 25GB 6X Branded B,13.59,13.42
P965,Tenex Chairmats For Use W,15.98,15.18
P966,Serrated Blade or Curved ,3.14,3.11
P967,Premier Automatic Letter ,240.37,233.16
P968,Digium D40 VoIP phone,128.99,91.59
P969,Maxell 4.7GB DVD+R 5/Pack,0.99,0.55
P970,Letter/Legal File Tote wi,16.06,11.88
P971,Avery Framed View Binder,7.99,5.29
P972,Xerox 1952,4.98,2.64
P973,Tennsco Regal Shelving Un,101.41,98.37
P974,Maxell¬¨¬®‚Äö√Ñ‚Ä†LTO Ult,27.99,22.67
P975,Newell 325,4.13,2.89
P976,Lumber Crayons,9.85,6.11
P977,RSVP Cards & Envelopes B,5.08,2.69
P978,Eldon Expressions Wood De,7.38,5.24
P979,GBC Recycled VeloBinder C,17.04,9.20
P980,ClearOne CHATAttach 160 -,495.99,433.99
P981,Plantronics Voyager Pro H,51.99,33.80
P982,Cisco IP¬¨¬®‚Äö√Ñ‚Ä†Phone,108.76,96.52
P983,Multi-Use Personal File C,34.76,25.03
P984,Avery 475,14.80,7.40
P985,Master Big Foot Doorstop,5.28,3.64
P986,Howard Miller 13 Diamete,34.35,26.19
P987,Adjustable Depth Letter/L,181.46,128.84
P988,Samsung Rugby III,52.79,48.17
P989,Ampad Evidence Wirebond S,1.75,1.16
P990,Hon Racetrack Conference ,157.51,207.38
P991,Tenex Antistatic Computer,136.78,153.88
P992,Belkin F8E887 USB Wired E,29.99,23.69
P993,Canon imageCLASS MF7460 M,1995.99,998.00
P994,NETGEAR N750 Dual Band Wi,90.00,57.60
P995,Trav-L-File Heavy-Duty Sh,43.57,30.50
P996,OIC Bulk Pack Metal Binde,2.79,1.89
P997,Polycom SoundPoint Pro SE,95.19,85.67
P998,Cardinal EasyOpen D-Ring ,7.31,4.57
P999,Hewlett-Packard Deskjet D,111.99,77.00
P1000,Acco Flexible ACCOHIDE Sq,13.02,8.30
P1001,Newell 343,2.94,2.15
P1002,OIC Stacking Trays,3.34,1.87
P1003,Tennsco Double-Tier Locke,180.02,195.77
P1004,Memorex Micro Travel Driv,29.21,20.82
P1005,Global Stack Chair with A,29.98,21.89
P1006,Avery Triangle Shaped She,0.49,1.23
P1007,Acme Stainless Steel Offi,5.82,5.31
P1008,Panasonic KP-150 Electric,30.19,27.93
P1009,Toshiba IPT2010-SD IP¬¨¬®,111.19,102.85
P1010,Sauder Mission Library wi,111.34,106.10
P1011,Recycled Desk Saver Line ,8.95,4.83
P1012,Xerox 1912,18.97,9.86
P1013,Eldon 200 Class Desk Acce,6.28,3.89
P1014,Luxo Economy Swing Arm La,19.94,14.36
P1015,Eldon Expressions Punched,10.64,7.66
P1016,Avery White Multi-Purpose,4.98,2.69
P1017,Avery Hi-Liter Comfort Gr,1.95,1.19
P1018,Xerox 199,4.28,2.35
P1019,Xerox 4200 Series MultiUs,5.28,2.90
P1020,Acco Perma 3000 Stacking ,20.98,16.99
P1021,Stur-D-Stor Shelving Ver,110.98,108.76
P1022,Samsung Galaxy S III - 16,279.99,251.99
P1023,Global Airflow Leather Me,120.78,105.69
P1024,Universal Recycled Hangin,1.23,3.20
P1025,Boston Electric Pencil Sh,22.52,20.27
P1026,Xerox 1893,32.79,20.91
P1027,Classic Ivory Antique¬¨¬®,80.39,75.37
P1028,50 Colored Long Pencils,10.16,7.52
P1029,Atlantic Metals Mobile 3-,130.49,193.13
P1030,Xerox 1979,30.98,17.04
P1031,Fellowes PB500 Electric P,1016.79,635.50
P1032,DAX Wood Document Frame.,5.49,9.47
P1033,Wirebound Message Books ,9.27,4.91
P1034,Xerox 1882,55.98,28.55
P1035,Personal Filing Tote with,12.41,11.17
P1036,Xerox 1974,5.98,3.05
P1037,Bevis Boat-Shaped Confere,209.69,199.20
P1038,Imation¬¨¬®‚Äö√Ñ‚Ä†16GB M,26.50,19.55
P1039,Xerox 221,5.19,3.37
P1040,Adams Write n  Stick Phon,5.68,3.07
P1041,Xerox 192,6.48,3.37
P1042,Newell 310,1.41,1.25
P1043,Ames Color-File Green Dia,67.18,44.51
P1044,Eldon 100 Class Desk Acce,3.37,2.29
P1045,Logitech¬¨¬®‚Äö√Ñ‚Ä†P710e,257.49,208.57
P1046,Wilson Jones Active Use B,7.28,3.71
P1047,Permanent Self-Adhesive F,2.61,1.41
P1048,SAFCO Optional Arm Kit fo,18.65,19.19
P1049,OtterBox Commuter Series ,19.99,24.49
P1050,Bush Andora Bookcase Map,101.99,93.59
P1051,Eldon Econocleat Chair Ma,41.47,36.49
P1052,APC 7 Outlet Network Surg,80.48,56.34
P1053,Southworth 100% Cotton Th,11.48,5.74
P1054,Bevis Rectangular Confere,72.99,122.63
P1055,Safco Industrial Wire She,76.79,93.11
P1056,Eldon Executive Woodline ,20.10,18.34
P1057,Peel & Stick Add-On Corne,0.65,1.12
P1058,GBC White Gloss Covers P,2.90,7.67
P1059,Pressboard Hanging Data B,1.48,2.56
P1060,PNY Rapid USB Car Charger,4.80,5.84
P1061,BPI Conference Tables,73.03,116.84
P1062,Hon 4-Shelf Metal Bookcas,70.69,75.74
P1063,Fellowes Desktop Hanging ,13.43,10.07
P1064,Howard Miller 13-1/2 Dia,68.77,41.26
P1065,Nokia Lumia 521 (T-Mobile,29.99,21.59
P1066,HP Standard 104 key PS/2 ,14.50,10.88
P1067,Xerox 1888,55.48,28.85
P1068,1/4 Fold Party Design Inv,5.88,3.90
P1069,Peel & Seel Recycled Cata,11.58,5.79
P1070,3M Organizer Strips,4.32,2.81
P1071,Multicolor Computer Print,104.85,54.52
P1072,Tops Wirebound Message Lo,3.29,1.78
P1073,Fashion Color Clasp Envel,5.41,2.76
P1074,Holmes Harmony HEPA Air P,225.04,128.27
P1075,Hammermill CopyPlus Copy ,4.98,2.54
P1076,Safco Contoured Stacking ,190.72,178.80
P1077,Conquest 14 Commercial He,11.39,40.44
P1078,Quality Park Security Env,20.94,13.87
P1079,Office Star Flex Back Sco,77.69,95.44
P1080,UniKeep View Case Binders,4.89,2.64
P1081,Recycled Data-Pak for Arc,98.79,72.12
P1082,Memorex Mini Travel Drive,15.97,9.74
P1083,Global Leather & Oak Exec,120.71,138.82
P1084,Global Executive Mid-Back,203.69,215.33
P1085,Eldon 200 Class Desk Acce,5.02,3.64
P1086,Samsung Galaxy S4,375.60,438.20
P1087,Xerox 1885,48.04,24.98
P1088,Executive Impressions 14,22.23,12.45
P1089,Acco Expandable Hanging B,1.91,3.44
P1090,Wirebound Message Books ,6.69,3.61
P1091,Avery 520,2.52,1.64
P1092,Bretford CR4500 Series Sl,243.75,268.12
P1093,Avery 52,2.95,1.96
P1094,Sauder Camden County Coll,91.98,104.63
P1095,Logitech Mobile Speakerph,107.98,98.54
P1096,ClearSounds CSC500 Amplif,69.99,50.39
P1097,Avery Address/Shipping La,10.35,5.38
P1098,Xerox 1970,4.98,2.64
P1099,Eldon Radial Chair Mat fo,39.98,31.98
P1100,Newell 331,4.89,3.57
P1101,Eldon Cleatmat Plus Chair,79.52,70.77
P1102,Avery 489,10.35,5.38
P1103,Sauder Camden County Barr,102.83,104.04
P1104,Micropad Numeric Keypads,19.99,14.99
P1105,Laser & Ink Jet Business ,10.67,5.76
P1106,Park Ridge Embossed Execu,15.57,8.25
P1107,Memorex 25GB 6X Branded B,25.56,29.71
P1108,Office Star - Professiona,350.98,266.75
P1109,Floodlight Indoor Halogen,19.40,9.89
P1110,BlueLounge Milo Smartphon,23.99,21.59
P1111,Xerox 214,5.18,3.37
P1112,Hon 4070 Series Pagoda Ro,224.69,231.11
P1113,Linden 10 Round Wall Clo,15.28,10.08
P1114,12-1/2 Diameter Round Wal,7.99,12.79
P1115,Imation¬¨¬®‚Äö√Ñ‚Ä†32GB P,23.96,17.97
P1116,DAX Metal Frame Desktop,20.24,12.35
P1117,Avery 509,2.61,1.41
P1118,Kingston Digital DataTrav,5.95,5.12
P1119,Jabra Supreme Plus Driver,119.99,86.39
P1120,Hunt BOSTON Model 1606 Hi,139.13,125.22
P1121,Lunatik TT5L-002 Taktik S,36.74,45.92
P1122,Panasonic KX T7736-B Digi,89.97,112.47
P1123,File Shuttle I and Handi-,17.81,16.25
P1124,Bionaire 99.97% HEPA Air ,3.51,11.39
P1125,Shocksock Galaxy S4 Armba,8.76,10.51
P1126,Rogers Deluxe File Chest,17.59,21.76
P1127,Standard Rollaway File wi,180.19,133.34
P1128,Green Bar Computer Printo,54.96,28.03
P1129,Companion Letter/Legal Fi,30.21,27.19
P1130,Acco PRESSTEX Data Binder,1.62,2.75
P1131,Samsung HM1900 Bluetooth ,17.56,10.97
P1132,Xerox 1964,22.84,12.34
P1133,Xerox 1987,5.78,2.95
P1134,Astroparche Fine Business,4.23,2.75
P1135,Canon PC940 Copier,270.00,238.50
P1136,Poly Designer Cover & Bac,15.19,9.87
P1137,Office Star - Contemporar,112.78,111.37
P1138,Xerox Color Copier Paper,22.84,12.33
P1139,Hon Non-Folding Utility T,127.45,111.52
P1140,Eldon Advantage Chair Mat,43.31,38.98
P1141,GBC DocuBind 300 Electric,105.20,273.51
P1142,Eldon Image Series Desk A,4.18,2.68
P1143,Woodgrain Magazine Files ,2.98,2.77
P1144,Howard Miller 12-3/4 Diam,31.48,45.64
P1145,Assorted Color Push Pins,1.45,1.22
P1146,Hon Rectangular Conferenc,136.53,188.87
P1147,Plantronics CS510 - Over-,263.96,221.07
P1148,ARKON Windshield Dashboar,13.56,16.61
P1149,Stackable Trays,3.08,2.10
P1150,Avery Binder Labels,1.17,2.03
P1151,Executive Impressions 14,22.23,14.90
P1152,First Data FD10 PIN Pad,79.00,71.10
P1153,OIC Binder Clips Mini 1,0.99,0.66
P1154,Belkin QODE FastFit Bluet,49.56,53.28
P1155,Canvas Sectional Post Bin,25.46,12.99
P1156,High-Back Leather Manager,129.99,118.29
P1157,Advantus T-Pin Paper Clip,4.51,2.75
P1158,Wi-Ex zBoost YX540 Cellul,116.76,102.16
P1159,Clarity 53712,52.79,48.83
P1160,RCA ViSYS 25425RE1 Corded,107.99,95.84
P1161,Rogers Jumbo File Granit,10.86,13.44
P1162,Chromcraft 48 x 96 Race,320.64,250.10
P1163,Hoover Commercial Soft Gu,6.22,5.67
P1164,Newell 31,4.13,2.97
P1165,Logitech G430 Surround So,63.99,51.19
P1166,Avery 487,3.69,1.96
P1167,Global Low Back Tilter Ch,80.78,94.92
P1168,Belkin Premiere Surge Mas,9.72,34.49
P1169,Harbour Creations 67200 S,64.06,51.96
P1170,Newell 332,2.94,2.15
P1171,Desktop 3-Pocket Hot File,54.10,40.04
P1172,Recycled Easel Ring Binde,2.98,8.21
P1173,Lock-Up Easel  Spel-Binde,22.82,15.12
P1174,Belkin F9H710-06 7 Outlet,18.84,13.56
P1175,Hon 61000 Series Interact,26.66,36.44
P1176,Computer Printout Paper w,15.18,9.87
P1177,Master Giant Foot Doorsto,6.07,4.33
P1178,Seidio BD2-HK3IPH5-BK DIL,24.81,22.33
P1179,Avanti 4.4 Cu. Ft. Refrig,180.98,130.31
P1180,Sony 32GB Class 10 Micro ,20.95,16.55
P1181,Westinghouse Floor Lamp w,23.99,18.47
P1182,Belkin 7-Outlet SurgeMast,13.97,10.34
P1183,Global Deluxe Office Fabr,76.78,70.06
P1184,Acme Rosewood Handle Lett,3.97,3.93
P1185,Holmes 99% HEPA Air Purif,17.33,14.52
P1186,Eldon Spacemaker Box Qui,2.67,2.31
P1187,Xerox 1927,4.28,2.35
P1188,Advantus Rolling Storage ,17.15,12.52
P1189,Xerox 1983,5.98,3.05
P1190,Enermax Acrylux Wireless ,99.60,62.75
P1191,Eldon L Workstation Dia,60.78,66.86
P1192,Safco Industrial Shelving,59.08,71.64
P1193,Boston School Pro Electri,24.79,22.62
P1194,Hoover Upright Vacuum Wit,289.53,205.57
P1195,Fellowes Strictly Busines,140.85,123.95
P1196,Xerox 1906,35.44,18.78
P1197,Xerox 1981,5.28,2.91
P1198,DYMO CardScan Personal V9,127.99,80.00
P1199,Avery Hanging File Binder,4.78,3.23
P1200,Avery 477,30.53,16.49
P1201,Executive Impressions 10,11.76,7.76
P1202,Mediabridge Sport Armband,7.99,9.89
P1203,HTC One,79.99,70.99
P1204,Kensington 6 Outlet Smart,40.98,30.73
P1205,Tennsco Industrial Shelvi,39.13,47.93
P1206,Atlantic Metals Mobile 4-,224.78,196.69
P1207,Sabrent 4-Port USB 2.0 Hu,6.79,4.48
P1208,Imation¬¨¬®‚Äö√Ñ‚Ä†Secure,37.99,28.87
P1209,Plantronics Savi W720 Mul,421.95,236.29
P1210,Global Fabric Manager s C,100.98,75.74
P1211,Panasonic KX TS3282W Cord,67.99,59.49
P1212,Verbatim 25 GB 6x Blu-ray,11.59,7.77
P1213,O Sullivan 2-Door Barrist,90.49,139.35
P1214,Speck Products Candyshell,20.99,25.89
P1215,Cisco 9971 IP Video Phone,132.00,237.60
P1216,Xerox 1959,6.68,3.47
P1217,It s Hot Message Books wi,5.92,4.07
P1218,Belkin 5 Outlet SurgeMast,54.48,39.23
P1219,Boston 1730 StandUp Elect,21.38,15.82
P1220,Speediset Carbonless Redi,10.31,5.46
P1221,Anker 24W Portable Micro ,6.60,5.94
P1222,SanDisk Cruzer 4 GB USB F,5.19,4.09
P1223,LG Electronics Tone+ HBS-,35.71,42.85
P1224,Binding Machine Supplies,23.34,15.17
P1225,Deflect-o EconoMat Nonstu,51.65,41.32
P1226,Avery 500,7.31,3.88
P1227,Xerox 1991,22.84,12.33
P1228,Nortel Meridian M5316 Dig,155.37,191.62
P1229,Rediform Voice Mail Log B,2.38,1.55
P1230,Bady BDG101FRU Card Print,639.99,567.99
P1231,Seth Thomas 13 1/2 Wall ,17.78,12.27
P1232,Coloredge Poster Frame,14.20,8.66
P1233,Hand-Finished Solid Wood ,34.23,23.96
P1234,Hon Metal Bookcases Putt,70.98,50.40
P1235,Memorex Mini Travel Drive,9.27,7.07
P1236,Xerox 1920,5.98,3.29
P1237,Wirebound Message Books ,4.77,2.63
P1238,Sanford Colorific Colored,2.88,2.02
P1239,Google Nexus 5,107.99,134.99
P1240,Black Avery Memo-Size 3-R,2.94,1.87
P1241,Xerox 22,6.48,3.37
P1242,Anker Ultrathin Bluetooth,29.99,26.99
P1243,Hoover Portapower Portabl,4.48,3.36
P1244,Adams Telephone Message B,5.68,3.13
P1245,i.Sound Portable Power - ,52.99,52.46
P1246,XtraLife ClearVue Slant-D,14.68,7.93
P1247,Hoover Replacement Belt f,1.78,1.56
P1248,Panasonic KP-350BK Electr,27.67,24.56
P1249,Atlantic Metals Mobile 5-,204.67,210.69
P1250,Jackery Bar Premium Fast-,23.96,15.28
P1251,Samsung Convoy 3,66.59,79.91
P1252,36X48 HARDFLOOR CHAIRMAT,16.79,19.51
P1253,Canon PC1060 Personal Las,559.99,371.00
P1254,Microsoft Sculpt Comfort ,39.95,22.37
P1255,LG G3,195.99,139.15
P1256,Hon Mobius Operator s Cha,122.99,95.93
P1257,Boston 1900 Electric Penc,14.98,10.49
P1258,Xerox 1997,6.48,3.37
P1259,SmartStand Mobile Device ,5.59,5.03
P1260,Newell 344,2.78,2.06
P1261,Personal File Boxes with ,15.58,11.68
P1262,Howard Miller 11-1/2 Dia,43.13,25.02
P1263,Plantronics MX500i Earset,42.95,41.66
P1264,Avery Hi-Liter Smear-Safe,5.84,3.74
P1265,KeyTronic¬¨¬®‚Äö√Ñ‚Ä†KT80,15.02,12.32
P1266,Tenex Personal Self-Stack,16.91,12.35
P1267,Deluxe Rollaway Locking F,415.88,299.43
P1268,GBC Imprintable Covers,8.79,5.60
P1269,Acme Elite Stainless Stee,8.34,6.17
P1270,Wirebound Message Books ,6.69,3.41
P1271,Recycled Interoffice Enve,23.99,11.99
P1272,Tennsco Lockers Sand,20.98,15.95
P1273,Xerox 1883,21.10,14.25
P1274,Verbatim 25 GB 6x Blu-ray,18.39,13.10
P1275,XtraLife ClearVue Slant-D,1.57,3.92
P1276,Newell 316,4.89,3.52
P1277,Iris 3-Drawer Stacking Bi,16.71,20.47
P1278,Eureka Sanitaire  Multi-P,3.50,3.24
P1279,Eldon Expressions Punched,9.38,6.75
P1280,Southworth 25% Cotton Ant,6.67,4.59
P1281,Disposable Triple-Filter ,4.37,3.23
P1282,Imation Bio 8GB USB¬¨¬®‚Ä,166.24,141.30
P1283,Xerox 1977,6.68,3.47
P1284,Hon 4070 Series Pagoda Ar,233.38,207.13
P1285,Acco 6 Outlet Guardian Pr,18.32,13.01
P1286,Xerox 1880,35.44,18.78
P1287,Memorex Froggy Flash Driv,17.75,10.83
P1288,Ampad Gold Fibre Wireboun,4.41,2.38
P1289,PureGear Roll-On Screen P,15.99,10.39
P1290,White Dual Perf Computer ,32.79,20.91
P1291,3M Polarizing Light Filte,7.46,10.07
P1292,Anker Ultra-Slim Mini Blu,15.99,15.39
P1293,Aluminum Screw Posts,3.05,7.63
P1294,Vtech AT&T CL2940 Corded ,23.99,15.90
P1295,Eldon Advantage Foldable ,54.20,42.82
P1296,Hoover Shoulder Vac Comme,322.04,268.37
P1297,Cardinal Slant-D Ring Bin,2.61,4.35
P1298,Cush Cases Heavy Duty Rug,2.97,3.61
P1299,DAX Charcoal/Nickel-Tone ,7.58,5.21
P1300,Dixon Ticonderoga Pencils,2.98,2.18
P1301,Razer Kraken PRO Over Ear,63.99,55.99
P1302,Laminate Occasional Table,123.30,127.93
P1303,Honeywell Enviracaire Por,123.38,75.26
P1304,Steel Personal Filing/Pos,35.51,25.92
P1305,OtterBox Commuter Series ,21.99,11.43
P1306,Kensington 4 Outlet Maste,81.32,58.55
P1307,Executive Impressions Sup,33.68,28.63
P1308,Executive Impressions 14,18.18,13.41
P1309,Canon PC-428 Personal Cop,159.99,106.00
P1310,Xerox 1973,18.27,12.33
P1311,Flat Face Poster Frame,18.84,10.93
P1312,3M Replacement Filter for,37.92,23.13
P1313,Iceberg OfficeWorks 42 R,120.79,128.34
P1314,Polycom CX600 IP Phone Vo,239.96,218.97
P1315,Neat Ideas Personal Hangi,10.74,9.93
P1316,GBC Velobind Prepunched C,11.09,20.34
P1317,Logitech Keyboard K120,14.52,16.15
P1318,O Sullivan 3-Shelf Heavy-,58.14,44.19
P1319,Novimex Turbo Task Chair,63.88,62.46
P1320,Plantronics Calisto P620-,156.79,143.07
P1321,DXL Angle-View Binders wi,4.79,3.18
P1322,Barrel Sharpener,3.57,2.64
P1323,Global Leather Task Chair,89.99,72.89
P1324,Avery 486,7.31,3.87
P1325,Tennsco Stur-D-Stor Boltl,135.31,133.96
P1326,Xerox 19,30.98,17.04
P1327,TRENDnet 56K USB 2.0 Phon,20.71,16.57
P1328,Grandstream GXP2100 Mains,61.19,55.07
P1329,GE 48 Fluorescent Tube ,99.23,49.62
P1330,Tyvek Side-Opening Peel &,90.48,49.77
P1331,Tenex The Solids Textur,69.96,58.07
P1332,Global Armless Task Chair,42.69,50.61
P1333,RCA ViSYS 25825 Wireless ,103.99,90.99
P1334,Global Comet Stacking Arm,422.51,316.88
P1335,Cisco SPA525G2 5-Line IP ,172.49,91.42
P1336,Kensington 7 Outlet Maste,186.73,145.23
P1337,DAX Two-Tone Rosewood/Bla,9.48,5.69
P1338,iKross Bluetooth Portable,20.95,15.08
P1339,Eldon Im‚Äö√†√∂‚Äö√Ñ‚Ä†ge,4.86,2.77
P1340,OtterBox Defender Series ,29.58,25.89
P1341,Fiskars 8 Scissors 2/Pa,13.79,12.24
P1342,Panasonic KP-380BK Classi,28.78,26.99
P1343,Acme 10 Easy Grip Assist,17.53,12.27
P1344,Sanford Prismacolor Profe,29.95,22.84
P1345,Holmes Replacement Filter,11.85,8.59
P1346,Ibico Recycled Linen-Styl,31.25,20.32
P1347,Electrix 20W Halogen Repl,13.40,6.97
P1348,ShoreTel ShorePhone IP 23,135.19,118.29
P1349,Chromcraft Round Conferen,122.01,137.69
P1350,Tripp Lite Isotel 8 Ultra,14.19,52.52
P1351,Global Chrome Stack Chair,27.42,25.02
P1352,Xerox 1962,4.28,2.35
P1353,Xerox 1953,4.28,2.35
P1354,Jet-Pak Recycled Peel  N ,28.71,19.74
P1355,Binney & Smith Crayola Me,2.70,1.89
P1356,Wausau Papers Astrobright,5.98,3.05
P1357,GBC Twin Loop Wire Bindin,6.66,16.64
P1358,Things To Do Today Pad,4.70,3.05
P1359,Self-Adhesive Removable L,3.15,1.64
P1360,Zebra GX420t Direct Therm,424.76,376.97
P1361,Fiskars Spring-Action Sci,11.19,10.35
P1362,Logitech G35 7.1-Channel ,103.99,85.79
P1363,Xerox 1937,38.43,24.98
P1364,Newell 311,2.21,1.61
P1365,Xerox 219,6.48,3.37
P1366,Xerox 1894,6.48,3.37
P1367,Tensor Hersey Kiss Styl,10.39,11.43
P1368,RCA H5401RE1 DECT 6.0 4-L,79.99,79.19
P1369,Eureka The Boss Lite 10-A,80.16,57.72
P1370,Tenex Personal Project Fi,13.48,9.98
P1371,O Sullivan Living Dimensi,200.98,180.88
P1372,Bagged Rubber Bands,1.26,1.21
P1373,Tenex Traditional Chairma,25.78,56.72
P1374,Xerox 1928,4.22,2.90
P1375,Avery 491,4.13,2.23
P1376,Logitech¬¨¬®‚Äö√Ñ‚Ä†Z-906,329.99,197.99
P1377,Advantus Employee of the ,24.74,18.25
P1378,Dexim XPower Skin Super-T,46.79,43.87
P1379,Xerox 222,6.48,3.37
P1380,Cisco SPA301,124.79,109.19
P1381,Tennsco 16-Compartment Lo,518.31,492.40
P1382,Lenovo 17-Key USB Numeric,33.99,26.51
P1383,Xerox 202,6.48,3.37
P1384,Xerox 188,9.07,5.78
P1385,Xerox 1922,3.98,2.54
P1386,Wilson Jones Internationa,17.30,9.00
P1387,JM Magazine Binder,16.51,8.59
P1388,Eldon 200 Class Desk Acce,6.28,4.27
P1389,Xerox 231,6.48,3.37
P1390,Self-Adhesive Address Lab,2.95,1.96
P1391,Razer Tiamat Over Ear 7.1,159.99,113.99
P1392,GBC Ibimaster 500 Manual ,608.79,380.49
P1393,Pyle PRT45 Retro Home¬¨¬®,50.39,44.72
P1394,Eldon Stackable Tray Sid,9.14,6.03
P1395,Dell Slim USB Multimedia ,25.00,19.00
P1396,Office Star - Contemporar,110.98,84.34
P1397,Universal Premium White C,4.78,3.05
P1398,Sauder Forest Hills Libra,80.49,143.27
P1399,Boston Model 1800 Electri,28.15,19.70
P1400,Ampad Phone Message Book,6.24,3.43
P1401,Novimex High-Tech Fabric ,70.98,66.01
P1402,Eldon Antistatic Chair Ma,84.23,98.97
P1403,Important Message Pads 5,3.36,2.14
P1404,Howard Miller 12 Round W,31.43,25.15
P1405,Mitel MiVoice 5330e IP Ph,274.99,203.49
P1406,Colorific Watercolor Penc,5.16,3.66
P1407,Durable Pressboard Binder,3.80,2.01
P1408,Iceberg Mobile Mega Data/,120.33,89.04
P1409,Bush Mission Pointe Libra,150.98,120.79
P1410,Fellowes Powershred HS-44,154.99,85.24
P1411,Avery 05222 Permanent Sel,4.13,2.23
P1412,Acco 7-Outlet Masterpiece,24.32,85.11
P1413,Howard Miller 13-3/4 Dia,41.40,36.22
P1414,Xerox 1896,9.99,5.49
P1415,Tuf-Vin Binders,31.58,16.74
P1416,Petty Cash Envelope,26.96,13.75
P1417,Kensington Orbit Wireless,59.99,40.79
P1418,Global Manager s Adjustab,150.98,107.20
P1419,White Envelopes White En,15.25,8.23
P1420,Bush Westfield Collection,46.38,45.22
P1421,Economy Binders,1.67,1.06
P1422,Wilson Jones DublLock D-R,2.03,3.38
P1423,Tops White Computer Print,48.91,25.92
P1424,O Sullivan Cherrywood Est,96.24,127.86
P1425,Xerox 228,6.48,3.37
P1426,Sauder Forest Hills Libra,140.98,129.70
P1427,Motorola L703CM,124.79,116.99
P1428,Xerox 212,6.48,3.37
P1429,Ibico Presentation Index ,3.19,2.11
P1430,O Sullivan Manor Hill 2-D,123.07,161.07
P1431,Cardinal Hold-It CD Pocke,6.38,4.23
P1432,Tenex V2T-RE Standard Wei,70.98,59.62
P1433,Ativa D5772 2-Line 5.8GHz,164.99,115.49
P1434,Avery 50,12.53,6.64
P1435,Global Ergonomic Managers,144.78,133.92
P1436,Boston 1827 Commercial Ad,19.83,13.88
P1437,Artistic Insta-Plaque,15.68,9.56
P1438,Xerox 1886,47.90,24.91
P1439,GBC Binding covers,12.95,7.12
P1440,Newell 309,9.24,8.08
P1441,Mobile Personal File Cube,23.42,17.10
P1442,Newell 346,2.30,2.04
P1443,Samsung Galaxy S4 Mini,375.99,333.69
P1444,Cisco IP Phone 7961G-GE V,129.95,158.10
P1445,Xerox 227,5.19,3.37
P1446,Tenex 46 x 60 Computer ,84.78,84.78
P1447,O Sullivan Plantations 2-,100.49,168.82
P1448,Wilson Jones ¬¨¬®‚àö¬®Sna,5.80,3.19
P1449,Newell 336,3.42,3.04
P1450,Xerox 191,19.98,10.59
P1451,Sauder Camden County Coll,97.73,91.99
P1452,Quartet Omega Colored Cha,5.84,3.10
P1453,Acme Tagit Stainless Stee,7.92,7.23
P1454,Xerox 206,5.19,3.37
P1455,Avery 474,2.88,1.47
P1456,Xerox 1890,48.94,24.47
P1457,Belkin SportFit Armband F,8.99,7.64
P1458,Nu-Dell EZ-Mount Plastic ,1.58,2.36
P1459,Fiskars Softgrip Scissors,10.98,7.91
P1460,Avery 511,3.08,1.60
P1461,Lexmark S315 Color Inkjet,79.99,53.00
P1462,Deluxe Heavy-Duty Vinyl R,22.92,12.61
P1463,Sterilite Officeware Hing,10.48,7.65
P1464,Xerox 1908,55.98,28.55
P1465,Logitech G19 Programmable,123.99,101.67
P1466,Tensor Brushed Steel Torc,16.99,13.93
P1467,Howard Miller 16 Diamete,63.94,39.00
P1468,GBC Plasticlear Binding C,3.44,5.97
P1469,Anderson Hickey Conga Tab,9.14,13.86
P1470,GBC Wire Binding Strips,9.52,16.50
P1471,KeyTronic¬¨¬®‚Äö√Ñ‚Ä†E036,18.00,14.76
P1472,Belkin 19 Center-Weighte,58.98,56.03
P1473,Manco Dry-Lighter Erasabl,3.04,2.01
P1474,Boston 19500 Mighty Mite ,20.15,14.71
P1475,Logitech¬¨¬®‚Äö√Ñ‚Ä†LS21 ,19.99,13.19
P1476,Deflect-O Glasstique Clea,6.16,5.16
P1477,Avery 503,10.35,5.38
P1478,Xerox 208,6.48,3.37
P1479,Hewlett Packard 310 Color,239.99,209.99
P1480,HP Office Recycled Paper ,5.78,2.95
P1481,Heavy-Duty E-Z-D Binders,3.27,5.78
P1482,Xerox 1915,104.85,54.52
P1483,Anker Astro Mini 3000mAh ,19.99,19.99
P1484,Riverside Palais Royal La,440.49,678.35
P1485,Howard Miller Distant Tim,10.97,16.18
P1486,Rediform S.O.S. Phone Mes,4.98,2.54
P1487,Elite 5 Scissors,8.45,5.92
P1488,Kensington K72356US Mouse,16.59,10.78
P1489,Newell 323,1.68,1.24
P1490,Recycled Premium Regency ,12.23,7.80
P1491,Xerox 193,5.98,3.05
P1492,Avery 510,3.00,1.95
P1493,AT&T 1080 Phone,136.99,101.37
P1494,#6 3/4 Gummed Flap White ,7.92,5.15
P1495,Blue String-Tie & Button ,39.98,21.99
P1496,Hon Comfortask Task/Swive,102.58,95.74
P1497,Round Ring Binders,0.42,1.10
P1498,Microsoft Arc Touch Mouse,47.96,38.37
P1499,GBC VeloBinder Electric B,36.30,60.49
P1500,Xerox 1996,6.48,3.37
P1501,Holmes HEPA Air Purifier,21.78,14.16
P1502,Acme Galleria Hot Forged ,15.73,11.17
P1503,Motorola HK250 Universal ,18.39,22.53
P1504,Microsoft Natural Ergonom,23.99,23.69
P1505,Xerox 1946,5.19,3.37
P1506,Bush Cubix Collection Boo,66.29,170.15
P1507,KLD Oscar II Style Snap-o,9.72,6.90
P1508,Plantronics Audio 995 Wir,87.96,73.67
P1509,Avery Reinforcements for ,0.40,1.09
P1510,Verbatim Slim CD and DVD ,9.23,8.08
P1511,Tripp Lite Isotel 6 Outle,12.19,43.29
P1512,OtterBox Defender Series ,29.99,20.99
P1513,Sanyo Counter Height Refr,328.14,236.26
P1514,Avery Printable Repositio,1.72,4.56
P1515,Nu-Dell Oak Frame,10.68,7.26
P1516,Xerox 196,5.78,2.95
P1517,SKILCRAFT Telephone Shoul,5.91,5.40
P1518,ClearOne Communications C,158.99,117.65
P1519,Avery 507,2.88,1.56
P1520,Panasonic KX-TG6844B Expa,52.79,48.17
P1521,Xerox 1914,43.97,28.03
P1522,Magna Visual Magnetic Pic,4.82,2.99
P1523,Eldon Regeneration Recycl,3.87,2.95
P1524,Star Micronics TSP100 TSP,258.95,191.62
P1525,Design Ebony Sketching Pe,1.39,1.03
P1526,Brites Rubber Bands 1 1/,1.59,1.94
P1527,Logitech K350 2.4Ghz Wire,49.77,44.30
P1528,Contemporary Wood/Metal F,16.16,10.50
P1529,Hon Olson Stacker Chairs,238.30,187.99
P1530,Aastra 6757i CT Wireless ,172.35,152.96
P1531,Eureka Hand Vacuum Bagle,49.43,35.59
P1532,#10 Gummed Flap White Env,3.31,2.23
P1533,Hanging Personal Folder F,15.70,11.78
P1534,Rubber Band Ball,3.74,3.67
P1535,Loose Memo Sheets,3.65,1.94
P1536,Fellowes Recycled Storage,88.83,103.26
P1537,Canon PC170 Desktop Perso,95.97,84.77
P1538,Alliance Rubber Bands,1.68,1.61
P1539,Zebra ZM400 Thermal Label,1160.95,603.70
P1540,Binder Posts,5.74,3.10
P1541,AmazonBasics 3-Button USB,6.99,3.99
P1542,Logitech¬¨¬®‚Äö√Ñ‚Ä†VX Re,179.99,169.19
P1543,Advantus 10-Drawer Portab,59.76,43.03
P1544,Xerox 1910,38.43,24.98
P1545,Black Print Carbonless Sn,9.11,5.01
P1546,Portfile Personal File Bo,14.16,13.10
P1547,Honeywell Enviracaire Por,275.37,167.98
P1548,Micro Innovations Wireles,23.99,24.59
P1549,Home/Office Personal File,27.81,26.07
P1550,Cardinal Holdit Data Disk,5.82,3.86
P1551,Eureka The Boss Plus 12-A,104.65,76.39
P1552,Logitech diNovo Edge Keyb,249.99,192.49
P1553,Jabra BIZ 2300 Duo QD Duo,101.59,93.97
P1554,Carina Media Storage Towe,60.98,59.76
P1555,Gear Head AU3700S Headset,10.39,12.60
P1556,Ultra Commercial Grade Du,31.91,27.13
P1557,NeatDesk Desktop Scanner ,240.00,212.00
P1558,Sauder Barrister Bookcase,24.29,65.59
P1559,Crayola Anti Dust Chalk ,1.82,1.00
P1560,Ricoh - Ink Collector Uni,41.95,30.63
P1561,Imation Bio 2GB USB¬¨¬®‚Ä,131.18,76.08
P1562,Fellowes Command Center 5,54.27,49.52
P1563,SanDisk Cruzer 8 GB USB F,6.79,7.13
P1564,Xerox 1936,19.98,10.59
P1565,Sanford Colorific Eraseab,3.28,1.87
P1566,Xerox 1943,48.91,25.92
P1567,Fellowes Bankers Box Stax,64.98,57.18
P1568,Newell 349,2.62,2.33
P1569,Logitech Media Keyboard K,27.99,28.34
P1570,Apple EarPods with Remote,27.99,20.15
P1571,Perixx PERIBOARD-512B Er,34.99,32.54
P1572,LG Exalt,93.59,113.87
P1573,Tenex Contemporary Contur,107.53,86.02
P1574,Holmes Visible Mist Ultra,11.32,7.47
P1575,Mini 13-1/2 Capacity Data,130.87,98.15
P1576,Motorla HX550 Universal B,23.73,19.78
P1577,Tyvek  Top-Opening Peel &,35.94,19.77
P1578,Avaya 4621SW VoIP phone,59.16,52.50
P1579,Luxo Professional Fluores,167.87,155.28
P1580,Xerox 207,6.48,3.37
P1581,Newell 307,1.82,1.31
P1582,Lexmark MarkNet N8150 Wir,120.59,205.00
P1583,GBC Therma-A-Bind 250T El,98.39,63.96
P1584,Xerox 1935,26.38,14.25
P1585,Jensen SMPS-640 -¬¨¬®‚Äö√,36.78,34.02
P1586,Xerox 20,6.48,3.37
P1587,Xerox 218,6.48,3.37
P1588,Xerox 201,6.48,3.37
P1589,Adams Phone Message Book,6.88,3.72
P1590,Bush Westfield Collection,17.40,53.34
P1591,Newell 326,1.41,1.25
P1592,Xerox 1932,28.35,18.78
P1593,Avery Personal Creations ,9.23,6.00
P1594,Maxell 4.7GB DVD+RW 3/Pac,15.93,10.35
P1595,Xerox 1930,6.48,3.30
P1596,Fellowes 8 Outlet Superio,33.62,24.88
P1597,Master Caster Door Stop ,5.08,3.35
P1598,Micro Innovations USB RF ,25.00,19.75
P1599,Ibico Recycled Grain-Text,27.63,17.27
P1600,Bush Andora Conference Ta,136.79,131.66
P1601,3M Office Air Cleaner,25.98,16.89
P1602,Cubify CubeX 3D Printer D,900.00,2219.99
P1603,Cisco Small Business SPA ,82.06,74.88
P1604,Hon Valutask Swivel Chair,100.98,84.82
P1605,Anker 36W 4-Port USB Wall,15.99,14.39
P1606,Recycled Interoffice Enve,13.66,9.05
P1607,Stanley Bostitch Contempo,13.59,12.23
P1608,Rush Hierlooms Collection,160.98,140.05
P1609,Office Star - Contemporar,91.69,121.81
P1610,#10-4 1/8 x 9 1/2 Premi,12.59,8.66
P1611,Xerox 1950,5.78,2.95
P1612,Avery 497,3.08,1.60
P1613,Cisco SPA 502G IP Phone,119.95,83.97
P1614,Executive Impressions 14,17.78,12.45
P1615,O Sullivan 5-Shelf Heavy-,65.55,61.46
P1616,Tenex Personal Filing Tot,12.41,11.64
P1617,Logitech¬¨¬®‚Äö√Ñ‚Ä†MX Pe,31.91,25.13
P1618,Newell 337,2.63,2.33
P1619,Avaya 5410 Digital phone,54.39,48.95
P1620,Logitech G500s Laser Gami,69.99,46.19
P1621,Cyber Acoustics AC-202b S,7.80,12.73
P1622,Electrix Fluorescent Magn,39.47,35.53
P1623,Imation¬¨¬®‚Äö√Ñ‚Ä†8GB Mi,30.19,26.27
P1624,4009 Highlighters,1.34,0.89
P1625,Dixon Ticonderoga Maple C,3.07,2.30
P1626,Telephone Message Books w,3.60,1.94
P1627,Global Deluxe High-Back O,108.79,123.75
P1628,Nokia Lumia 1020,359.99,323.99
P1629,Bretford ¬¨¬®‚àö¬®Just In,208.70,388.18
P1630,Deflect-o RollaMat Studde,36.89,75.63
P1631,Anker Astro 15000mAh USB ,39.99,47.99
P1632,Honeywell Enviracaire Por,15.34,52.94
P1633,Hon Every-Day Chair Serie,108.88,95.58
P1634,DAX Two-Tone Silver Metal,8.10,11.54
P1635,RCA ViSYS 25423RE1 Corded,79.99,72.99
P1636,Rediform Wirebound Phone,6.11,3.90
P1637,Office Impressions End Ta,212.63,255.16
P1638,Berol Giant Pencil Sharpe,16.99,12.06
P1639,Belkin Grip Candy Sheer C,7.02,6.50
P1640,Okidata MB760 Printer,1119.20,993.29
P1641,Hammermill Color Copier P,9.99,5.50
P1642,Belkin 7 Outlet SurgeMast,31.58,28.03
P1643,Westinghouse Mesh Shade C,14.14,10.47
P1644,Ibico EB-19 Dual Function,51.90,93.42
P1645,Okidata MB491 Multifuncti,149.70,364.27
P1646,V7 USB Numeric Keypad,27.99,32.54
P1647,Atlantic Metals Mobile 2-,72.29,171.09
P1648,Belkin iPhone and iPad Li,11.99,11.09
P1649,Avery Durable Slant Ring ,1.59,3.96
P1650,Newell 33,4.46,3.96
P1651,Ink Jet Note and Greeting,22.48,12.14
P1652,Eldon Expressions Wood an,9.98,7.19
P1653,Clearsounds A400,39.60,48.83
P1654,Newell 342,3.28,2.33
P1655,Avery 473,10.35,5.38
P1656,Xerox 1939,18.97,9.87
P1657,Eldon Jumbo ProFile Porta,12.25,11.02
P1658,#10 Self-Seal White Envel,8.87,5.65
P1659,C-Line Magnetic Cubicle K,4.94,2.87
P1660,Ampad #10 Peel & Seel Hol,4.48,2.33
P1661,Storex Flexible Poly Bind,2.64,1.43
P1662,Bush Somerset Collection ,111.33,110.02
P1663,TOPS Important Message ,3.42,2.27
P1664,GBC ProClick Spines for 3,12.53,6.64
P1665,GBC ProClick 150 Presenta,94.80,167.47
P1666,Dixon Ticonderoga Erasabl,4.78,3.95
P1667,Xerox 1911,47.90,24.91
P1668,3D Systems Cube Printer ,1299.99,961.99
P1669,Standard Line ¬¨¬®‚àö¬®Wh,17.58,11.87
P1670,GE General Purpose Extra,2.33,1.54
P1671,Bush Westfield Collection,85.83,77.75
P1672,Ultra Door Kickplate 8H,15.82,13.05
P1673,Premier Electric Letter O,92.69,110.07
P1674,Southworth 25% Cotton Lin,7.25,4.98
P1675,Embossed Ink Jet Note Car,18.06,11.74
P1676,Avery 493,3.93,2.50
P1677,Super Decoflex Portable P,14.98,10.79
P1678,Avery 502,2.52,1.64
P1679,Cisco 8961 IP Phone Charc,74.98,129.96
P1680,Avery 496,3.00,1.95
P1681,Global Adaptabilities Con,280.98,227.59
P1682,Snap-A-Way Black Print Ca,23.31,15.45
P1683,DAX Solid Wood Frames,7.82,6.15
P1684,Executive Impressions 8-1,10.40,6.87
P1685,Sony Micro Vault Click 8 ,46.99,40.41
P1686,Sanford Pocket Accent Hig,1.60,0.91
P1687,TOPS Money Receipt Book ,8.01,4.41
P1688,Euro Pro Shark Stick Mini,12.20,45.13
P1689,Grip Seal Envelopes,3.54,2.34
P1690,Manila Recycled Extra-Hea,10.98,5.60
P1691,Memorex Mini Travel Drive,20.00,12.20
P1692,TOPS Voice Message Log Bo,3.81,2.43
P1693,Acco Recycled 2 Capacity,2.89,7.66
P1694,Panasonic KX MB2061 Multi,239.64,221.67
P1695,Nortel Business Series Te,111.19,100.07
P1696,Canon imageCLASS 2200 Adv,2100.00,1820.00
P1697,BIC Liqua Brite Liner,5.55,4.44
P1698,Eldon Expressions Mahogan,6.24,4.68
P1699,Logitech G13 Programmable,63.99,71.19
P1700,Telephone Message Books w,6.35,3.43
P1701,Executive Impressions 16-,10.69,14.96
P1702,Panasonic KX MC6040 Color,449.95,328.46
P1703,Xerox 230,6.48,3.37
P1704,Xerox Blank Computer Pape,19.98,10.59
P1705,Cisco CP-7937G Unified IP,347.85,361.77
P1706,Bush Cubix Conference Tab,230.98,173.23
P1707,Canon Color ImageCLASS MF,335.99,321.59
P1708,IBM Multi-Purpose Copy Pa,30.98,17.04
P1709,Xerox 1975,5.18,3.30
P1710,Penpower WorldCard Pro Ca,91.48,93.31
P1711,Wirebound Message Books ,5.63,3.73
P1712,Sanyo 2.5 Cubic Foot Mid-,223.85,207.06
P1713,Translucent Push Pins by ,1.98,1.25
P1714,Eldon Executive Woodline ,16.36,29.44
P1715,Memorex Mini Travel Drive,6.81,5.03
P1716,DAX Executive Solid Wood ,12.58,8.30
P1717,Avery Hi-Liter Pen Style ,3.85,2.27
P1718,Avanti 1.7 Cu. Ft. Refrig,100.98,72.71
P1719,Jabra SPEAK 410 Multidevi,164.79,154.49
P1720,Brother MFC-9340CDW LED A,114.00,220.39
P1721,Blue Parrot B250XT Profes,59.99,52.49
P1722,Fiskars Home & Office Sci,8.88,6.39
P1723,HP Office Paper (20Lb. an,6.68,3.47
P1724,First Data TMFD35 PIN Pad,142.80,112.81
P1725,Eldon 300 Class Desk Acce,4.95,2.77
P1726,Sauder Facets Collection ,296.79,296.79
P1727,iHome FM Clock Radio with,55.99,52.49
P1728,Boston 16765 Mini Stand U,9.33,8.63
P1729,Newell 339,2.23,2.06
P1730,Tenex Chairmat w/ Average,60.54,136.22
P1731,Avery 498,2.31,1.53
P1732,Eldon 500 Class Desk Acce,9.66,8.09
P1733,Barricks Non-Folding Util,68.23,60.56
P1734,Sony Micro Vault Click 4 ,13.94,11.99
P1735,Avery 478,4.91,2.51
P1736,Array Memo Cubes,5.18,2.64
P1737,Rediform S.O.S. 1-Up Phon,9.38,4.88
P1738,Avery 515,12.53,6.64
P1739,Advantus SlideClip Paper ,3.41,1.77
P1740,Samsung Replacement EH64A,5.50,4.13
P1741,Avery 484,2.31,1.47
P1742,Okidata C610n Printer,454.30,460.79
P1743,Belkin F9M820V08 8 Outlet,34.38,30.52
P1744,Safco Value Mate Steel Bo,49.69,49.69
P1745,Acme Preferred Stainless ,5.68,4.03
P1746,6 Cubicle Wall Clock Bl,8.09,5.18
P1747,14-7/8 x 11 Blue Bar Comp,48.04,24.98
P1748,Global Task Chair Black,35.63,45.30
P1749,AT&T CL83451 4-Handset Te,164.79,146.25
P1750,Acco Perma 2700 Stacking ,29.74,25.28
P1751,Electrix Architect s Clam,95.46,67.78
P1752,Xerox 1968,5.34,3.47
P1753,Lexmark X 9575 Profession,99.00,51.48
P1754,Kleencut Forged Office Sh,2.08,1.46
P1755,PayAnywhere Card Reader,7.99,7.29
P1756,Eldon 400 Class Desk Acce,7.00,5.08
P1757,Xerox 1905,6.48,3.37
P1758,Hoover Commercial Lightwe,46.52,172.11
P1759,Newell 328,5.84,4.32
P1760,Letter Size File,39.70,28.19
P1761,Zebra GK420t Direct Therm,117.29,273.67
P1762,Fellowes Econo/Stor Drawe,77.54,91.11
P1763,Bush Westfield Collection,30.29,93.91
P1764,SAFCO Folding Chair Troll,102.59,92.33
P1765,Xerox 1982,22.84,12.34
P1766,Linden 12 Wall Clock Wit,33.98,23.79
P1767,Okidata B401 Printer,60.00,143.99
P1768,Okidata B400 Printer,343.20,304.59
P1769,Logitech Wireless Headset,34.39,25.36
P1770,Cherry 142-key Programmab,119.93,106.74
P1771,Belkin F9S820V06 8 Outlet,32.48,22.74
P1772,Newell 338,2.94,2.15
P1773,Magnifier Swing Arm Lamp,20.98,15.53
P1774,Xiaomi Mi3,569.99,421.79
P1775,Avaya 5420 Digital phone,134.99,101.24
P1776,Texas Instrument TI-15 Fr,4.34,7.80
P1777,Stockwell Gold Paper Clip,1.47,0.94
P1778,O Sullivan Cherrywood Est,67.98,66.28
P1779,Konica Minolta magicolor ,39.99,25.19
P1780,NETGEAR RangeMax WNR1000 ,19.99,15.99
P1781,Hewlett-Packard Deskjet 3,380.00,197.60
P1782,Motorola Moto X,271.99,248.19
P1783,Xerox 215,6.48,3.37
P1784,Belkin OmniView SE Rackmo,35.48,35.48
P1785,Newell 318,2.78,2.06
P1786,Avery 517,3.69,1.96
P1787,Harmony HEPA Quiet Air Pu,11.70,7.60
P1788,Xerox 1907,12.28,6.51
P1789,Xerox 1958,6.48,3.37
P1790,Seth Thomas 12 Clock w/ ,22.98,15.17
P1791,Strathmore Photo Mount Ca,6.78,3.66
P1792,LG G2,299.99,374.99
P1793,Samsung Galaxy Note 2,367.99,331.19
P1794,Hoover Commercial SteamVa,2.72,9.51
P1795,I.R.I.S IRISCard Anywhere,116.99,66.29
P1796,Canon Image Class D660 Co,599.99,323.99
P1797,HP Officejet Pro 8600 e-A,119.99,100.49
P1798,Microsoft Wireless Mobile,31.99,27.19
P1799,Belkin 8 Outlet SurgeMast,80.98,59.93
P1800,Col-Erase Pencils with Er,4.87,4.32
P1801,Xerox 1980,4.28,2.35
P1802,Career Cubicle Clock 8 1,20.28,12.57
P1803,Unpadded Memo Slips,3.98,1.99
P1804,Panasonic KX - TS880B Tel,41.22,30.09
P1805,Multimedia Mailers,162.93,87.98
P1806,Color-Coded Legal Exhibit,4.91,2.51
P1807,Computer Printout Paper w,47.90,24.91
P1808,Pencil and Crayon Sharpen,1.75,1.60
P1809,Avery 5,2.88,1.47
P1810,Universal Ultra Bright Wh,5.18,3.30
P1811,Plastic Stacking Crates &,4.47,4.13
P1812,Nokia Lumia 925,125.99,93.23
P1813,Bulldog Table or Wall-Mou,5.99,4.25
P1814,Belkin 8-Outlet Premiere ,69.48,48.64
P1815,Sony 8GB Class 10 Micro S,9.06,8.95
P1816,Hewlett-Packard 300S Scie,13.11,7.08
P1817,Eureka Disposable Bags fo,0.81,3.05
P1818,Cisco Desktop Collaborati,77.16,51.12
P1819,Boston 1799 Powerhouse El,25.98,18.71
P1820,Fellowes Smart Surge Ten-,60.22,43.36
P1821,Hewlett-Packard Desktjet ,680.90,347.26
P1822,Kingston Digital DataTrav,33.78,31.08
P1823,Hewlett-Packard Deskjet 5,199.04,182.46
P1824,Quartet Alpha White Chalk,1.77,1.17
P1825,Wirebound Message Forms ,8.17,4.33
P1826,Xerox 1998,5.18,3.37
P1827,Mead 1st Gear 2 Zipper B,10.38,6.49
P1828,Global Enterprise Series ,207.18,181.28
P1829,Maxell 4.7GB DVD+RW 3/Pac,275.54,157.06
P1830,While you Were Out Mess,2.97,1.85
P1831,Bush Birmingham Collectio,91.69,104.78
P1832,iOttie XL Car Mount,15.99,19.59
P1833,Xerox 1984,6.48,3.31
P1834,Global Adaptabilites Book,430.98,405.12
P1835,Lexmark 20R1285 X6650 Wir,120.00,63.60
P1836,Post-it,7.28,3.79
P1837,Stride Job 150 Highlighte,5.98,3.83
P1838,Socket Bluetooth Cordless,168.76,109.69
P1839,Wasp CCD Handheld Bar Cod,112.17,97.21
P1840,Xerox 1989,3.99,2.64
P1841,Panasonic KP-310 Heavy-Du,21.98,15.39
P1842,Xerox 1969,5.78,2.95
P1843,Cubify CubeX 3D Printer T,2000.00,2959.99
P1844,Decoflex Hanging Personal,15.42,11.41
P1845,Xerox 1938,38.32,24.91
P1846,Xerox 1901,4.23,2.91
P1847,Panasonic Business,182.02,127.41
P1848,Bush Saratoga Collection ,119.83,132.52
P1849,Acco Glide Clips,3.92,2.00
P1850,Cardinal Slant-D Ring Bin,6.95,4.69